Year,Data,ID2,Latitude,Longitude,Elevation,Tmax_wt,Tmax_sp,Tmax_sm,Tmax_at,Tmin_wt,Tmin_sp,Tmin_sm,Tmin_at,Tave_wt,Tave_sp,Tave_sm,Tave_at,PPT_wt,PPT_sp,PPT_sm,PPT_at,Rad_wt,Rad_sp,Rad_sm,Rad_at,DD_0_wt,DD_0_sp,DD_0_sm,DD_0_at,DD5_wt,DD5_sp,DD5_sm,DD5_at,DD_18_wt,DD_18_sp,DD_18_sm,DD_18_at,DD18_wt,DD18_sp,DD18_sm,DD18_at,NFFD_wt,NFFD_sp,NFFD_sm,NFFD_at,PAS_wt,PAS_sp,PAS_sm,PAS_at,Eref_wt,Eref_sp,Eref_sm,Eref_at,CMD_wt,CMD_sp,CMD_sm,CMD_at,RH_wt,RH_sp,RH_sm,RH_at
1901,Historical,Regional,51,-116,1500,-6.1,7.3,18.2,6.1,-13.4,-5.1,2.6,-3.5,-9.7,1.1,10.4,1.3,173,173,270,167,-9999,-9999,-9999,-9999,890,212,1,184,4,105,515,85,2483,1560,699,1518,0,2,4,1,1,17,70,23,163,101,18,80,0,136,313,73,0,27,89,12,68,56,53,66
1902,Historical,Regional,51,-116,1500,-5,6.3,17.4,5.5,-12.9,-6,2.4,-4.7,-9,0.1,9.9,0.4,212,142,335,259,-9999,-9999,-9999,-9999,951,264,1,250,3,82,465,92,2550,1648,744,1599,0,1,3,1,1,16,68,20,200,87,21,80,0,129,303,78,0,38,24,0,66,55,54,64
1903,Historical,Regional,51,-116,1500,-6,4.7,18.2,4.5,-15,-8.2,3.9,-4.6,-10.5,-1.7,11.1,-0.1,195,126,349,230,-9999,-9999,-9999,-9999,829,361,0,255,5,57,553,73,2421,1819,643,1642,0,1,5,1,1,9,81,21,188,102,11,137,0,81,309,69,0,55,66,0,62,53,56,67
1904,Historical,Regional,51,-116,1500,-6.1,6.6,19.6,8.8,-13.9,-7.1,2.6,-2.2,-10,-0.3,11.1,3.3,221,124,178,108,-9999,-9999,-9999,-9999,947,308,1,101,3,89,572,137,2546,1685,627,1342,0,1,6,1,1,13,70,28,209,78,6,121,0,143,338,85,0,75,160,32,66,51,49,62
1905,Historical,Regional,51,-116,1500,-5.9,8.9,19,5,-15.4,-4.6,3.6,-4,-10.6,2.2,11.3,0.5,143,144,222,182,-9999,-9999,-9999,-9999,944,110,1,254,3,89,590,104,2538,1458,613,1595,0,1,6,1,1,12,77,24,135,60,9,31,0,141,323,52,0,33,136,0,60,54,53,67
1906,Historical,Regional,51,-116,1500,-3.3,8.2,20.5,5.6,-12,-5.5,3.9,-4,-7.6,1.3,12.2,0.8,119,105,180,171,-9999,-9999,-9999,-9999,806,217,1,255,5,103,670,122,2399,1539,545,1567,0,2,14,1,1,17,77,27,108,32,5,99,0,143,347,78,0,49,167,28,64,52,50,66
1907,Historical,Regional,51,-116,1500,-8.2,5.8,17.3,7.6,-18.4,-7.1,3,-2.5,-13.3,-0.7,10.2,2.5,251,210,331,240,-9999,-9999,-9999,-9999,1170,290,1,149,3,61,479,123,2762,1718,722,1408,0,1,3,1,1,10,74,28,247,138,15,83,0,82,300,81,0,0,43,0,56,53,56,65
1908,Historical,Regional,51,-116,1500,-4.9,6.4,19.3,6.5,-13.6,-5,3.7,-3.2,-9.2,0.7,11.5,1.7,212,223,176,194,-9999,-9999,-9999,-9999,912,247,1,188,3,96,604,119,2516,1597,597,1491,0,2,7,1,1,20,79,26,200,109,5,86,0,131,326,77,0,0,151,9,63,59,53,65
1909,Historical,Regional,51,-116,1500,-8.5,6.1,19.2,6.1,-17.2,-6.9,2.2,-4.3,-12.8,-0.4,10.7,0.9,378,112,209,228,-9999,-9999,-9999,-9999,1268,258,1,258,1,58,526,139,2881,1692,674,1555,0,1,4,2,0,9,66,24,374,80,6,93,0,81,331,86,0,41,123,13,62,53,49,63
1910,Historical,Regional,51,-116,1500,-8.9,9.9,18.3,5.9,-18.2,-3.2,2.2,-3.4,-13.5,3.3,10.3,1.2,213,148,202,206,-9999,-9999,-9999,-9999,1017,93,1,216,3,134,490,105,2612,1354,712,1524,0,2,4,1,1,20,67,25,211,63,10,144,0,149,320,78,0,67,117,8,60,56,51,67
1911,Historical,Regional,51,-116,1500,-7.4,7.1,17.9,4,-16.5,-5.6,2.5,-7.1,-11.9,0.7,10.2,-1.6,291,114,254,159,-9999,-9999,-9999,-9999,1197,178,1,385,1,65,477,75,2801,1589,721,1780,0,1,3,1,0,11,70,16,284,66,10,87,0,79,311,75,0,21,76,18,61,55,53,59
1912,Historical,Regional,51,-116,1500,-6.3,7.3,17.6,4.5,-15.4,-6.1,3.3,-4.8,-10.8,0.6,10.4,-0.1,148,75,406,185,-9999,-9999,-9999,-9999,914,274,0,242,4,109,495,58,2502,1606,701,1654,0,2,4,0,1,17,77,14,145,31,16,117,0,145,303,49,0,81,33,18,61,53,56,66
1913,Historical,Regional,51,-116,1500,-7.9,5.5,18.8,5.2,-16.8,-7.3,3.6,-4.6,-12.3,-0.9,11.2,0.3,152,128,237,279,-9999,-9999,-9999,-9999,1149,322,0,245,2,69,571,84,2758,1743,628,1611,0,1,5,1,0,12,78,17,149,89,6,121,0,131,321,54,0,51,84,0,61,54,53,64
1914,Historical,Regional,51,-116,1500,-5.6,7.8,19.9,6.1,-13.8,-4.7,3.4,-2.9,-9.7,1.5,11.6,1.6,188,152,119,279,-9999,-9999,-9999,-9999,1029,183,1,186,2,99,615,104,2641,1519,587,1490,0,2,7,1,1,16,76,27,176,77,3,157,0,141,337,74,0,43,218,0,65,56,51,68
1915,Historical,Regional,51,-116,1500,-6.2,9.6,18.3,4.6,-15.3,-2.7,3.9,-3.8,-10.7,3.5,11.1,0.4,121,123,370,191,-9999,-9999,-9999,-9999,859,107,1,249,4,150,572,89,2450,1343,632,1602,0,2,7,1,1,28,79,27,116,25,14,122,0,143,308,69,0,33,68,0,61,58,56,69
1916,Historical,Regional,51,-116,1500,-9.5,6.4,17.9,4.9,-18.4,-5.1,3.2,-5.3,-13.9,0.7,10.5,-0.2,285,223,279,173,-9999,-9999,-9999,-9999,1444,194,1,280,1,64,513,92,3050,1600,688,1656,0,1,4,1,0,12,75,19,281,130,10,65,0,125,306,78,0,0,27,0,61,59,55,63
1917,Historical,Regional,51,-116,1500,-9.1,5.2,19.8,7.8,-18.5,-7.7,2.6,-3.1,-13.8,-1.2,11.2,2.4,106,164,183,111,-9999,-9999,-9999,-9999,1173,345,1,134,1,70,581,118,2778,1770,626,1425,0,1,7,1,0,11,68,23,105,91,8,93,0,86,341,83,0,0,158,21,58,53,48,62
1918,Historical,Regional,51,-116,1500,-7.7,7.5,19.8,7.7,-16.2,-5.8,3.6,-3,-11.9,0.9,11.7,2.4,381,137,217,140,-9999,-9999,-9999,-9999,952,204,0,204,3,78,619,173,2557,1581,576,1424,0,1,7,3,1,11,78,30,376,78,5,37,0,140,338,90,0,57,121,21,63,53,51,63
1919,Historical,Regional,51,-116,1500,-5.8,6.8,20.2,3.9,-14,-6.3,3.5,-6.8,-9.9,0.2,11.8,-1.5,339,116,159,119,-9999,-9999,-9999,-9999,1008,286,0,352,3,99,634,91,2604,1639,569,1774,0,2,7,1,1,15,75,16,312,70,3,48,0,143,342,56,0,78,182,30,65,53,50,60
1920,Historical,Regional,51,-116,1500,-6.9,4.8,20.8,5.7,-16.3,-7.3,3.2,-3.7,-11.6,-1.3,12,1,297,156,127,149,-9999,-9999,-9999,-9999,942,317,1,222,3,49,654,101,2542,1774,556,1552,0,1,12,1,1,9,71,24,292,117,3,90,0,76,354,74,0,24,227,0,60,55,48,66
1921,Historical,Regional,51,-116,1500,-4.9,6.9,19.8,4.2,-12.5,-5.9,3.5,-4.2,-8.7,0.5,11.6,0,324,141,164,229,-9999,-9999,-9999,-9999,954,247,0,251,3,89,612,72,2550,1615,588,1639,0,1,6,1,1,13,78,23,305,93,3,57,0,139,336,66,0,55,172,0,68,54,51,69
1922,Historical,Regional,51,-116,1500,-10,6.6,21,7.1,-19.9,-6.3,3.9,-3.6,-15,0.1,12.4,1.8,157,119,131,132,-9999,-9999,-9999,-9999,1379,266,0,226,1,83,687,153,2985,1647,516,1476,0,1,9,2,0,12,80,29,156,84,2,121,0,136,354,85,0,65,223,12,56,54,49,62
1923,Historical,Regional,51,-116,1500,-7.9,7.8,19.6,8.4,-16.1,-5.7,4.2,-3.9,-12,1.1,11.9,2.2,143,144,336,131,-9999,-9999,-9999,-9999,925,210,0,176,3,95,638,140,2533,1561,561,1438,0,1,7,2,1,14,82,21,139,58,6,36,0,142,329,91,0,16,81,0,65,52,53,58
1924,Historical,Regional,51,-116,1500,-5.4,8.1,19.1,6.2,-13,-5.8,3.8,-3.9,-9.2,1.1,11.4,1.1,263,87,284,158,-9999,-9999,-9999,-9999,1115,225,1,252,4,119,598,144,2703,1553,606,1536,0,2,7,2,1,14,77,27,244,46,9,41,0,148,324,84,0,76,68,24,67,51,53,64
1925,Historical,Regional,51,-116,1500,-7.8,9.3,20.3,4.7,-15.6,-4.5,3.7,-4.5,-11.7,2.4,12,0.1,358,81,246,182,-9999,-9999,-9999,-9999,705,168,0,257,8,140,643,80,2276,1440,558,1632,0,2,9,1,3,18,78,21,350,36,6,80,0,158,345,47,0,103,107,0,66,53,50,66
1926,Historical,Regional,51,-116,1500,-2.8,9.7,19.9,4.3,-9,-3.7,3.5,-4.2,-5.9,3,11.7,0.1,91,80,206,233,-9999,-9999,-9999,-9999,779,107,0,217,7,126,620,56,2363,1385,582,1630,0,2,9,0,2,20,76,19,75,25,6,73,0,147,340,63,0,81,137,0,73,54,51,69
1927,Historical,Regional,51,-116,1500,-7.6,5.9,18.8,3.8,-15.9,-6.4,3.6,-4.6,-11.7,-0.2,11.2,-0.4,216,107,275,289,-9999,-9999,-9999,-9999,1260,248,0,283,1,56,573,96,2865,1681,627,1673,0,1,5,1,0,12,79,27,213,59,7,114,0,119,319,71,0,27,44,0,64,55,54,69
1928,Historical,Regional,51,-116,1500,-7.4,8.2,18.9,6.6,-16.1,-4.7,3.8,-4.5,-11.7,1.7,11.3,1,146,125,240,85,-9999,-9999,-9999,-9999,858,182,1,228,4,131,587,115,2453,1497,615,1547,0,2,7,1,1,19,78,18,141,81,7,153,0,95,320,83,0,62,108,52,62,55,54,61
1929,Historical,Regional,51,-116,1500,-9.1,7.4,20.4,6.6,-18.2,-5.4,3.5,-4.3,-13.6,1,11.9,1.2,115,134,164,167,-9999,-9999,-9999,-9999,1257,183,0,217,1,81,645,101,2862,1566,558,1533,0,1,8,1,0,12,78,21,113,92,4,49,0,86,344,81,0,52,190,9,60,55,50,61
1930,Historical,Regional,51,-116,1500,-9.5,7.6,20.4,5.7,-16.8,-4.6,3.8,-3.8,-13.2,1.5,12.1,0.9,360,183,155,115,-9999,-9999,-9999,-9999,1089,205,0,238,6,105,660,117,2666,1524,544,1558,0,2,9,1,2,21,79,24,350,83,4,86,0,134,343,55,0,11,188,9,67,57,50,66
1931,Historical,Regional,51,-116,1500,-2.4,8,19.7,4.5,-9.9,-4.3,3.2,-5,-6.1,1.9,11.5,-0.3,81,139,201,182,-9999,-9999,-9999,-9999,675,172,0,278,8,114,601,92,2248,1487,602,1660,0,2,6,1,2,18,76,23,65,66,6,53,0,144,335,73,0,47,155,0,69,57,51,65
1932,Historical,Regional,51,-116,1500,-7.2,7,19,5.4,-14.6,-5.3,3.8,-3.9,-10.9,0.9,11.4,0.7,253,152,226,267,-9999,-9999,-9999,-9999,1064,238,0,240,2,98,591,106,2676,1582,609,1573,0,2,5,1,0,17,80,22,246,76,5,99,0,136,321,76,0,47,95,28,68,56,54,67
1933,Historical,Regional,51,-116,1500,-8.2,6.3,19.7,5.5,-14.7,-5.8,3.3,-2.3,-11.5,0.3,11.5,1.6,216,152,189,183,-9999,-9999,-9999,-9999,1091,240,0,143,2,76,599,82,2697,1633,603,1495,0,1,6,1,1,14,75,28,208,118,4,174,0,129,334,64,0,60,145,0,71,56,50,72
1934,Historical,Regional,51,-116,1500,-5.3,10.4,20.3,6.8,-13.9,-3.1,3.2,-2.7,-9.6,3.6,11.8,2.1,321,124,110,161,-9999,-9999,-9999,-9999,764,139,0,131,5,191,629,92,2356,1326,570,1450,0,3,7,1,1,26,75,24,300,42,2,78,0,166,344,75,0,80,234,0,63,55,49,66
1935,Historical,Regional,51,-116,1500,-5.7,5,17.8,6,-13.9,-7.8,3.5,-5,-9.8,-1.4,10.6,0.5,362,120,249,145,-9999,-9999,-9999,-9999,834,341,1,274,6,55,522,127,2411,1786,679,1597,0,1,4,2,1,7,77,21,351,94,9,53,0,84,304,84,0,52,64,33,65,53,56,61
1936,Historical,Regional,51,-116,1500,-7.6,8,20.8,7.5,-16.7,-4.5,4,-4.2,-12.2,1.8,12.4,1.6,185,126,135,95,-9999,-9999,-9999,-9999,1219,226,0,204,2,162,684,115,2825,1495,519,1488,0,3,10,1,0,21,80,23,176,70,2,76,0,156,350,83,0,71,214,18,61,57,50,59
1937,Historical,Regional,51,-116,1500,-10.6,8.2,18.3,6.9,-19.9,-5.2,3.8,-3.6,-15.2,1.5,11,1.7,238,104,265,322,-9999,-9999,-9999,-9999,1358,176,0,230,1,100,556,149,2963,1519,639,1485,0,2,5,2,0,14,79,28,235,52,8,22,0,141,312,87,0,60,46,1,58,53,55,63
1938,Historical,Regional,51,-116,1500,-6,7.6,20,8.5,-15.8,-4.7,3.7,-4,-10.9,1.5,11.8,2.3,321,118,187,151,-9999,-9999,-9999,-9999,990,174,0,238,2,92,630,214,2595,1524,571,1433,0,1,8,4,1,14,76,27,311,55,4,178,0,140,341,102,0,47,153,38,58,57,51,58
1939,Historical,Regional,51,-116,1500,-5.8,9.1,19.2,6.7,-14.3,-5,2.9,-2.2,-10.1,2.1,11.1,2.3,216,82,173,303,-9999,-9999,-9999,-9999,791,181,1,142,6,129,575,121,2369,1468,637,1435,0,2,6,1,2,18,73,29,197,28,12,69,0,152,328,73,0,86,194,0,64,51,51,68
1940,Historical,Regional,51,-116,1500,-4.8,8.7,20.8,5.9,-13.2,-3.3,3.3,-4.1,-9,2.7,12.1,0.9,164,113,129,218,-9999,-9999,-9999,-9999,875,119,0,332,5,130,655,187,2462,1410,545,1556,0,2,8,3,1,20,74,35,149,56,2,119,0,144,353,86,0,67,223,8,64,59,48,64
1941,Historical,Regional,51,-116,1500,-3,10,20.4,5.2,-12.3,-4.2,4.6,-3.6,-7.6,2.9,12.5,0.8,134,139,205,172,-9999,-9999,-9999,-9999,780,113,0,190,5,124,689,68,2375,1391,515,1568,0,2,11,1,1,19,83,23,120,53,4,99,0,147,342,64,0,54,151,0,61,52,52,68
1942,Historical,Regional,51,-116,1500,-5.6,7.6,18.3,6.3,-15.5,-5.2,3.6,-5.2,-10.5,1.2,11,0.6,176,165,246,196,-9999,-9999,-9999,-9999,985,180,1,265,2,80,558,124,2589,1550,648,1586,0,1,5,1,0,14,77,21,170,66,8,72,0,132,312,86,0,14,66,18,58,55,55,59
1943,Historical,Regional,51,-116,1500,-6.3,6.4,18.4,8.3,-16.6,-7.1,2.9,-4.2,-11.4,-0.3,10.6,2,191,167,241,166,-9999,-9999,-9999,-9999,1014,292,1,184,5,72,528,133,2601,1691,678,1453,0,1,4,2,1,10,72,20,186,116,9,104,0,138,317,91,0,58,76,42,56,52,52,57
1944,Historical,Regional,51,-116,1500,-4,8.5,18.9,8.8,-13.7,-5.6,3.2,-3.2,-8.9,1.4,11.1,2.8,111,130,284,106,-9999,-9999,-9999,-9999,873,226,0,175,4,124,558,163,2479,1528,641,1385,0,2,5,2,1,17,76,27,105,61,7,65,0,152,324,92,0,64,40,20,59,51,52,59
1945,Historical,Regional,51,-116,1500,-5.1,5.9,19.6,5,-14.7,-6.5,3.3,-5.4,-9.9,-0.3,11.5,-0.2,191,201,190,366,-9999,-9999,-9999,-9999,883,263,1,272,3,66,607,87,2490,1682,598,1653,0,1,7,1,1,9,75,20,184,146,6,33,0,86,334,75,0,24,144,0,59,55,51,62
1946,Historical,Regional,51,-116,1500,-4.9,8.7,19.1,3.9,-12.6,-4.1,2.9,-6,-8.8,2.3,11,-1,216,175,217,243,-9999,-9999,-9999,-9999,813,138,1,315,5,112,557,90,2403,1449,646,1731,0,2,5,1,1,16,73,20,202,92,7,204,0,145,328,52,0,48,124,0,67,56,51,63
1947,Historical,Regional,51,-116,1500,-5.9,8.4,18.5,5.3,-14.8,-5,3.6,-4.1,-10.4,1.7,11,0.6,252,104,220,167,-9999,-9999,-9999,-9999,858,198,1,258,4,122,560,118,2456,1501,641,1581,0,2,6,1,1,19,78,26,245,56,8,150,0,146,316,77,0,86,101,22,62,53,54,66
1948,Historical,Regional,51,-116,1500,-5.5,6,18.5,6.8,-14.1,-6.6,4.1,-4.3,-9.8,-0.3,11.3,1.2,345,166,289,96,2.6,14.1,19,5.3,1117,309,0,222,2,94,576,117,2724,1687,622,1527,0,2,5,1,0,19,82,21,331,82,7,75,0,82,312,84,0,0,37,51,63,54,56,61
1949,Historical,Regional,51,-116,1500,-10.3,9.2,18.7,7.2,-21,-4.4,2.9,-2.8,-15.6,2.4,10.8,2.2,230,127,214,198,2.7,14.8,20,5.1,1356,180,1,147,1,146,544,125,2962,1442,661,1442,0,3,5,1,0,20,72,24,230,45,8,59,0,155,321,60,0,58,107,0,54,53,52,65
1950,Historical,Regional,51,-116,1500,-10.1,5.4,19.1,5.3,-19.4,-6.8,2.8,-5.4,-14.7,-0.7,11,-0.1,386,107,200,253,2.5,14.8,19.8,5.7,1190,286,0,295,4,56,551,120,2778,1721,649,1645,0,1,4,2,1,9,72,19,382,84,5,78,0,79,329,83,0,59,130,50,59,55,50,62
1951,Historical,Regional,51,-116,1500,-6.8,6,18,4.4,-16,-7.3,3.3,-5.2,-11.4,-0.7,10.7,-0.4,290,168,271,216,2.6,14,19.9,4.9,1273,325,1,280,1,84,525,72,2878,1723,676,1677,0,1,4,1,0,13,76,17,283,76,10,179,0,139,310,51,0,3,65,0,60,52,55,65
1952,Historical,Regional,51,-116,1500,-8.5,8.2,18.2,7.5,-16.7,-5.7,3.6,-4.1,-12.6,1.3,10.9,1.7,205,121,272,52,2.5,15.2,19.8,5.6,946,224,1,231,3,109,548,151,2542,1544,654,1481,0,2,5,2,1,15,78,26,202,44,10,120,0,149,310,89,0,46,91,45,64,51,55,59
1953,Historical,Regional,51,-116,1500,-4.3,6.6,18,7.6,-11.8,-5.7,4.1,-2.4,-8.1,0.4,11.1,2.6,356,174,204,178,2.4,14.5,20.1,5.1,712,228,1,146,6,83,569,130,2295,1615,636,1400,0,1,6,1,2,13,81,29,327,127,7,11,0,86,304,82,0,45,105,9,68,56,57,65
1954,Historical,Regional,51,-116,1500,-6.1,4.8,17.2,6.5,-12.2,-7.7,3.7,-2.2,-9.2,-1.5,10.5,2.2,404,202,256,120,2.5,14.7,20.3,4.7,901,362,1,134,7,65,510,109,2476,1790,695,1442,0,1,4,1,2,11,79,29,372,153,11,70,0,83,293,72,0,26,92,0,73,54,58,69
1955,Historical,Regional,51,-116,1500,-6.1,3.5,19.3,3.5,-13.9,-7.2,4,-6.2,-10,-1.9,11.6,-1.3,154,156,156,234,2.5,14.4,20.7,5.5,1094,354,0,425,2,48,614,109,2699,1831,587,1758,0,1,6,1,0,13,79,25,147,107,3,41,0,68,324,76,0,7,168,9,66,60,53,64
1956,Historical,Regional,51,-116,1500,-8.9,7.9,19.5,5.9,-17.2,-5.6,4.9,-3.6,-13,1.1,12.2,1.1,397,113,134,133,2.6,15.9,20.9,5.5,1061,221,0,229,2,111,669,120,2666,1553,537,1536,0,2,10,1,1,14,85,26,393,82,3,138,0,149,323,76,0,89,189,27,64,53,56,66
1957,Historical,Regional,51,-116,1500,-9.3,8.6,17.5,6.4,-17.4,-4.7,3.8,-4,-13.4,1.9,10.7,1.2,296,82,218,177,2.7,14.8,19.7,4.9,1103,203,0,238,4,157,520,139,2694,1481,679,1532,0,3,4,2,1,21,79,24,291,38,7,64,0,151,298,60,0,90,88,37,64,54,57,63
1958,Historical,Regional,51,-116,1500,-3.5,8.7,20.9,5.2,-9.6,-4.3,5.7,-3.9,-6.6,2.2,13.3,0.7,218,129,232,240,2.3,15.4,19.4,5.7,705,202,0,261,7,176,768,123,2282,1457,435,1578,0,4,15,1,2,23,87,28,186,75,2,110,0,154,343,77,0,87,110,0,74,55,54,67
1959,Historical,Regional,51,-116,1500,-6.4,6.8,18.1,3.3,-14.7,-5,3.8,-4.6,-10.6,0.9,11,-0.7,194,213,295,247,2.6,15.1,20.8,5,945,180,1,293,3,70,552,85,2543,1578,646,1697,0,1,6,1,1,12,79,26,187,123,10,149,0,128,310,65,0,4,71,0,65,58,56,70
1960,Historical,Regional,51,-116,1500,-6,6.7,19.7,6.2,-14.1,-5,5,-3.3,-10.1,0.8,12.4,1.4,136,161,147,198,2.7,15.1,20.9,5.7,958,202,0,226,3,77,684,127,2566,1584,528,1507,0,1,14,1,1,17,84,30,131,86,3,132,0,123,329,79,0,11,182,4,65,58,55,66
1961,Historical,Regional,51,-116,1500,-4,7.4,21.9,3.7,-11.3,-4.2,5.4,-6,-7.6,1.6,13.6,-1.1,284,156,202,255,2.6,14.4,21.5,5.3,797,171,0,302,6,109,795,63,2378,1507,406,1742,0,2,17,1,2,20,87,18,253,72,2,98,0,132,360,66,0,13,158,0,69,59,51,64
1962,Historical,Regional,51,-116,1500,-7.3,6.9,18.1,7.7,-15.4,-5.1,3.5,-2.4,-11.3,0.9,10.8,2.7,288,144,198,209,2.7,14.4,20.5,5.4,887,223,0,138,4,89,533,133,2482,1577,666,1396,0,1,4,1,1,17,78,28,283,70,6,155,0,133,310,84,0,27,111,9,65,57,55,65
1963,Historical,Regional,51,-116,1500,-4.9,8.2,18.8,8.2,-12.4,-3.9,4.4,-2,-8.7,2.1,11.6,3.1,191,116,287,215,2.6,15.2,19.9,5.2,937,132,0,208,8,99,615,233,2515,1465,587,1354,0,1,7,5,2,17,83,38,169,57,6,84,0,138,315,92,0,58,53,13,68,58,56,65
1964,Historical,Regional,51,-116,1500,-4.6,5.6,18.3,5.1,-12.1,-5.3,4.6,-4.1,-8.3,0.2,11.4,0.5,156,119,186,212,2.6,14.9,20.1,5,947,259,0,237,5,80,595,85,2536,1642,603,1590,0,1,6,1,1,18,83,23,145,60,4,98,0,123,308,72,0,22,122,0,68,60,57,67
1965,Historical,Regional,51,-116,1500,-8,7,19.5,4.8,-15.6,-7.1,5.1,-4.2,-11.8,0,12.3,0.3,275,87,270,221,2.5,15.1,19.7,5.1,934,287,1,229,3,82,678,72,2537,1665,528,1607,0,1,11,1,1,15,82,22,269,43,6,95,0,135,323,67,0,68,56,0,66,50,56,67
1966,Historical,Regional,51,-116,1500,-6.7,7.5,17.8,6.7,-14.6,-4.7,3.8,-3.3,-10.7,1.4,10.8,1.7,268,206,233,269,2.5,15,20.2,5.1,896,187,1,245,4,106,537,184,2485,1529,666,1485,0,2,4,3,1,18,78,31,263,87,8,109,0,134,302,86,0,0,71,37,66,57,57,64
1967,Historical,Regional,51,-116,1500,-3.9,4.7,21.5,8.2,-11.4,-6.5,4.1,-2.4,-7.6,-0.9,12.8,2.9,208,157,118,136,2.6,14.8,21.9,5.5,788,308,0,202,5,61,722,228,2377,1739,481,1374,0,1,14,5,1,12,81,34,189,107,2,150,0,76,360,94,0,19,242,51,68,59,48,64
1968,Historical,Regional,51,-116,1500,-4.1,7.5,17.9,5.7,-13.6,-4,4.3,-3.4,-8.8,1.7,11.1,1.2,188,173,225,163,2.6,14.6,19.6,4.9,971,138,1,227,5,89,566,120,2558,1498,633,1533,0,1,6,1,1,16,81,29,179,97,7,45,0,128,302,73,0,26,77,0,61,59,58,67
1969,Historical,Regional,51,-116,1500,-10.6,9.2,19.6,6.6,-20.4,-3.6,4.4,-2.7,-15.5,2.8,12,1.9,295,196,278,181,2.4,15.4,21.5,5,1212,144,0,177,3,143,645,131,2819,1403,556,1464,0,2,7,2,0,25,83,28,294,48,4,70,0,145,327,76,0,25,73,0,57,56,54,67
1970,Historical,Regional,51,-116,1500,-4.7,7,21.8,4.7,-14,-5.2,5.6,-5.7,-9.4,0.9,13.7,-0.5,138,84,190,150,2.6,15.3,21.8,5.5,1016,212,0,280,4,98,800,71,2605,1571,400,1687,0,2,17,1,1,16,87,17,132,54,1,67,0,88,357,73,0,64,169,0,60,56,52,62
1971,Historical,Regional,51,-116,1500,-7.2,7.8,20.6,5.1,-15.3,-5.6,5.1,-4.1,-11.2,1.1,12.9,0.5,335,158,159,192,2.1,15.7,21.7,5.3,1109,240,0,227,3,118,732,80,2704,1559,481,1594,0,2,20,1,0,17,85,21,329,91,3,89,0,147,339,70,0,48,180,0,65,53,54,66
1972,Historical,Regional,51,-116,1500,-9.7,7.6,19.4,4.8,-18.7,-4.5,4.8,-5,-14.2,1.5,12.1,-0.1,529,120,238,185,2.1,15.1,20.1,5.3,1261,174,0,231,1,108,655,54,2866,1515,548,1650,0,2,11,0,0,17,85,16,526,82,5,97,0,90,320,66,0,64,108,0,60,58,56,64
1973,Historical,Regional,51,-116,1500,-6.5,8.3,19.8,4.5,-15.7,-4.3,3.8,-4.4,-11.1,2,11.8,0.1,208,176,179,244,2.5,15.1,21,5.4,835,142,0,337,4,107,634,138,2424,1472,566,1633,0,2,8,2,1,17,80,30,204,74,4,76,0,139,335,77,0,2,156,11,61,56,52,68
1974,Historical,Regional,51,-116,1500,-4.9,6.6,19.7,8.3,-12.5,-4.8,4.3,-3.5,-8.7,0.9,12,2.4,362,182,171,141,2.3,14,20.2,6.1,791,209,0,182,7,80,643,148,2365,1578,557,1416,0,1,7,2,2,19,83,25,347,93,4,152,0,124,332,91,0,22,161,26,67,59,53,59
1975,Historical,Regional,51,-116,1500,-6.7,6.3,18.2,6.6,-15.5,-6.5,5.1,-4.1,-11.1,-0.1,11.7,1.2,224,68,270,140,2.4,14.7,19.3,6.4,1095,277,1,238,2,79,617,138,2700,1671,592,1527,0,1,12,2,0,14,82,23,213,42,8,66,0,83,305,86,0,57,67,45,62,54,59,63
1976,Historical,Regional,51,-116,1500,-5,7.6,17.2,7.8,-12.4,-5,4.3,-3.8,-8.7,1.3,10.7,2,271,156,283,145,2.4,15.6,20.7,5.8,721,231,1,213,6,120,541,169,2305,1540,668,1454,0,2,5,3,2,20,78,27,259,64,11,78,0,143,290,89,0,24,50,5,68,56,59,59
1977,Historical,Regional,51,-116,1500,-3.3,7.9,19,4.5,-11.4,-4,4.3,-4.7,-7.4,2,11.7,-0.1,109,132,235,185,2.6,15.1,20.7,5.4,937,168,0,271,7,110,613,86,2520,1480,586,1648,0,2,6,1,1,22,82,24,98,53,5,41,0,136,320,70,0,46,107,5,66,58,55,66
1978,Historical,Regional,51,-116,1500,-7.6,7.4,19.3,5.5,-16.5,-3.9,4.8,-4.4,-12.1,1.8,12,0.5,214,164,211,241,2.5,14.8,21.7,5.4,1068,145,0,271,3,89,649,135,2665,1496,552,1588,0,1,8,2,0,19,83,30,212,76,4,111,0,126,322,75,0,16,112,0,62,60,56,64
1979,Historical,Regional,51,-116,1500,-9.6,7.6,20.9,7.5,-19.3,-5.2,4.6,-3.8,-14.5,1.2,12.7,1.9,154,112,120,100,2.4,14.7,20.2,6.1,1146,169,0,238,3,80,718,176,2741,1547,486,1469,0,1,12,3,1,14,83,31,153,61,2,115,0,129,348,88,0,37,228,13,58,55,51,60
1980,Historical,Regional,51,-116,1500,-5.6,9.1,17.8,6.9,-13.9,-3.8,4.1,-2.7,-9.8,2.6,11,2.1,334,179,267,212,2.2,14.1,19.6,5.8,989,186,0,186,3,167,551,130,2582,1417,648,1446,0,3,5,1,1,26,81,31,308,63,8,18,0,154,302,78,0,35,64,0,64,56,57,66
1981,Historical,Regional,51,-116,1500,-4.2,8.7,18.8,7.4,-11.4,-3.7,4.3,-2.1,-7.8,2.5,11.5,2.7,248,192,284,105,2.4,14.1,19.3,6,765,121,1,144,6,117,608,147,2343,1428,601,1397,0,2,11,2,2,22,80,31,234,56,10,96,0,133,312,80,0,2,102,30,69,57,56,66
1982,Historical,Regional,51,-116,1500,-7.9,6,18.7,5.6,-16.3,-6.5,4.9,-4.1,-12.1,-0.2,11.8,0.7,231,154,251,179,2.3,15.2,18.7,5.9,1068,266,0,264,2,69,626,135,2672,1677,574,1572,0,1,7,2,0,11,85,29,228,110,5,35,0,82,311,79,0,34,60,0,63,55,57,65
1983,Historical,Regional,51,-116,1500,-3.4,8.9,18.7,5.7,-10.2,-3.7,5.2,-3,-6.8,2.6,12,1.3,187,103,302,138,2.5,14.7,19.5,5.9,918,131,0,177,9,131,643,86,2488,1420,557,1517,0,2,10,1,3,20,86,24,160,50,6,70,0,146,307,72,0,68,36,0,71,57,58,69
1984,Historical,Regional,51,-116,1500,-6,7.2,19.5,3.8,-13.9,-3.7,4.7,-5.1,-9.9,1.7,12.1,-0.6,151,136,207,174,2.5,14,20.5,5.3,868,130,0,278,8,79,657,61,2443,1499,546,1698,0,1,9,1,2,19,83,18,133,65,4,59,0,120,325,66,0,13,119,0,66,61,55,67
1985,Historical,Regional,51,-116,1500,-8.2,8.3,19.8,0.3,-16.6,-4.1,4.2,-7.8,-12.4,2.1,12,-3.7,176,140,206,251,2.7,15,20.8,5.6,938,178,0,534,3,137,644,53,2546,1464,566,1975,0,2,13,0,1,22,80,18,175,48,7,98,0,143,335,61,0,31,148,0,63,57,53,69
1986,Historical,Regional,51,-116,1500,-4.6,9.1,19.1,5.2,-12,-2.7,5,-3.9,-8.3,3.2,12.1,0.6,162,144,280,252,2.6,14.4,19.8,5.7,729,94,0,242,7,134,651,94,2307,1366,549,1579,0,2,10,1,3,24,86,26,146,46,6,131,0,170,315,71,0,25,78,0,68,59,57,67
1987,Historical,Regional,51,-116,1500,-3.1,9.7,18.8,9.8,-10.8,-2.5,5.3,-2.3,-6.9,3.6,12,3.8,117,137,270,90,2.5,14.7,20,6.8,701,109,0,123,7,171,644,205,2280,1325,548,1297,0,3,8,3,2,29,85,29,102,55,5,125,0,151,311,99,0,67,63,42,68,58,58,60
1988,Historical,Regional,51,-116,1500,-5.4,9.3,19,7.7,-13.7,-2.8,5.2,-2.6,-9.5,3.2,12.1,2.6,142,164,281,148,2.6,14.8,20.6,5.8,886,107,0,174,4,144,654,147,2483,1361,547,1406,0,2,7,2,1,24,86,30,136,60,5,22,0,148,313,85,0,41,32,0,65,58,58,64
1989,Historical,Regional,51,-116,1500,-6.9,7.4,18.9,6.7,-15.4,-5.2,5.8,-3.3,-11.2,1.1,12.3,1.7,227,111,242,179,2.4,14.7,19.7,6,968,217,0,212,3,100,677,138,2568,1556,526,1487,0,2,10,2,1,18,87,26,217,56,5,43,0,137,311,83,0,54,100,14,63,55,59,65
1990,Historical,Regional,51,-116,1500,-5,8.6,19.2,7,-12.2,-3.8,6,-2.9,-8.6,2.4,12.6,2,212,187,305,151,2.4,14,19.4,6.5,996,130,0,229,3,110,705,197,2601,1439,498,1456,0,2,13,4,1,23,86,29,197,54,5,94,0,131,313,91,0,3,14,63,69,57,59,66
1991,Historical,Regional,51,-116,1500,-6.1,7.7,19.1,6.8,-13.2,-4.8,5.7,-4.9,-9.7,1.5,12.4,1,231,188,247,137,2.4,14.6,19.3,6.1,694,205,0,252,16,111,690,135,2243,1526,513,1553,0,2,13,2,5,21,86,20,188,76,5,103,0,137,312,87,0,11,67,27,69,56,59,59
1992,Historical,Regional,51,-116,1500,-1.9,10.5,18.9,5.6,-9,-2.8,4.8,-3.4,-5.4,3.9,11.9,1.1,113,152,251,234,2.4,14.9,19.3,5.4,792,68,0,210,10,144,631,92,2357,1303,568,1541,0,2,7,1,3,24,84,25,88,37,4,79,0,182,315,72,0,44,65,0,71,55,57,68
1993,Historical,Regional,51,-116,1500,-8.2,9.7,15.9,6.4,-18.6,-3.5,4.7,-4.6,-13.4,3.1,10.3,0.9,164,149,349,136,2.7,14.4,18,6.1,1006,147,1,253,3,185,484,126,2601,1373,714,1557,0,4,3,1,1,25,84,23,163,53,13,121,0,157,264,85,0,51,0,4,56,55,64,61
1994,Historical,Regional,51,-116,1500,-5.1,9.7,19.9,7,-12.6,-2.8,4.9,-4.1,-8.9,3.4,12.4,1.4,190,140,219,195,2.2,14.3,20.7,6.1,883,96,0,258,4,147,686,180,2475,1342,521,1510,0,2,12,3,1,25,84,27,171,38,5,58,0,145,331,91,0,32,123,6,68,57,54,61
1995,Historical,Regional,51,-116,1500,-5.2,7.8,17,5.7,-13.9,-5.3,4.9,-4.2,-9.5,1.2,11,0.7,155,135,302,259,2.7,15.5,19.6,5.5,917,196,0,252,3,95,548,116,2513,1546,651,1575,0,1,4,1,1,15,84,22,149,69,9,80,0,138,283,80,0,37,19,25,63,54,62,65
1996,Historical,Regional,51,-116,1500,-7.7,5.4,19.5,3.4,-16.3,-5.2,4.9,-4.4,-12,0.1,12.2,-0.5,279,188,160,380,2.6,14.5,21.9,5,1225,250,0,289,2,67,671,95,2831,1653,531,1681,0,1,10,1,0,17,84,28,275,111,3,175,0,116,324,68,0,8,163,0,63,61,55,71
1997,Historical,Regional,51,-116,1500,-7.7,6.6,18.3,6.5,-15.4,-4.8,5.3,-1.8,-11.5,0.9,11.8,2.4,272,217,271,168,2.7,15.3,20.5,5.6,823,219,0,194,6,98,631,169,2403,1577,572,1426,0,2,7,3,1,19,86,38,267,105,5,235,0,132,302,76,0,0,72,0,66,59,59,71
1998,Historical,Regional,51,-116,1500,-3.6,9.3,20.3,8.3,-10.8,-2.7,6.4,-1.4,-7.2,3.3,13.4,3.5,177,190,260,201,2.5,15.2,18.9,5.6,781,150,0,155,8,196,773,217,2360,1356,440,1324,0,4,19,4,2,30,88,36,161,69,3,46,0,155,325,92,0,23,84,26,70,59,58,67
1999,Historical,Regional,51,-116,1500,-4.1,7.8,17.3,6.6,-10.8,-4.3,4.9,-2.5,-7.5,1.8,11.1,2,227,182,328,113,2.5,15.8,20.9,5.7,597,147,1,164,10,90,566,118,2159,1497,636,1456,0,1,7,1,4,17,83,27,207,85,11,76,0,132,287,78,0,22,12,36,71,57,61,68
2000,Historical,Regional,51,-116,1500,-5,6.3,18.1,4.7,-12.3,-4.1,3.5,-5,-8.6,1.1,10.8,-0.2,193,152,252,136,2.6,15.2,21.9,5.6,1009,164,1,275,3,71,543,89,2611,1557,660,1652,0,1,5,1,0,16,77,21,182,94,9,53,0,123,309,74,0,31,62,0,69,62,55,64
2001,Historical,Regional,51,-116,1500,-7.3,6.2,19,6.3,-15.4,-4.4,4.8,-2.7,-11.3,0.9,11.9,1.8,137,101,252,164,2.8,15,20.1,5,973,214,1,195,3,100,645,140,2574,1575,559,1479,0,2,9,2,1,20,84,28,133,65,7,55,0,83,314,79,0,50,97,39,65,61,57,68
2002,Historical,Regional,51,-116,1500,-6.3,2.9,18.7,5.7,-13.1,-8.6,3.8,-4.2,-9.7,-2.8,11.2,0.7,174,156,165,141,2.4,15,21.8,5.3,805,433,0,216,5,41,576,86,2396,1919,620,1577,0,1,6,1,1,8,79,21,167,114,5,94,0,71,318,49,0,4,152,0,70,57,54,64
2003,Historical,Regional,51,-116,1500,-4.6,5.6,20.6,5.7,-12,-5,4.8,-5.5,-8.3,0.3,12.7,0.1,121,222,226,274,2.6,15.2,21.4,5.6,816,239,0,325,4,70,716,121,2413,1635,487,1630,0,1,12,1,1,16,84,23,112,142,3,54,0,122,342,84,0,37,116,0,68,61,53,60
2004,Historical,Regional,51,-116,1500,-5.3,8.9,19.5,5.4,-14,-4.1,4.6,-4.1,-9.7,2.4,12.1,0.7,94,120,300,122,2.5,15.2,20.1,5.1,859,107,0,218,5,95,657,81,2444,1438,544,1581,0,1,8,1,1,15,81,21,92,53,6,142,0,139,326,70,0,57,85,0,63,55,55,65
2005,Historical,Regional,51,-116,1500,-4.4,9.3,17.7,5.3,-13.4,-4.2,3.3,-3.9,-8.9,2.6,10.5,0.7,228,80,354,241,2.7,15.4,21,5.1,890,128,1,213,4,123,512,77,2483,1423,691,1574,0,2,4,1,1,17,76,20,215,37,17,50,0,151,302,72,0,102,62,0,62,54,56,67
2006,Historical,Regional,51,-116,1500,-4.2,8.6,20.6,6,-12,-5,4.3,-5.1,-8.1,1.8,12.4,0.4,123,129,226,232,2.5,15.1,20.8,5.3,671,196,0,280,9,124,683,137,2245,1494,519,1599,0,2,12,2,3,18,79,21,101,45,4,85,0,150,345,87,0,43,119,0,67,53,51,61
2007,Historical,Regional,51,-116,1500,-4.9,8.4,20.3,5.8,-12.7,-3.6,4.5,-4,-8.8,2.4,12.4,0.9,162,203,188,160,2.2,15.1,20.3,5.3,932,117,0,232,3,111,685,102,2535,1434,528,1558,0,2,17,1,1,19,80,23,152,102,5,114,0,137,342,77,0,29,154,0,66,58,52,65
2008,Historical,Regional,51,-116,1500,-5.6,6.7,18.7,7.3,-14.9,-5.6,3.3,-3.4,-10.3,0.5,11,1.9,194,142,186,139,2.3,15,20.9,5.5,1041,226,1,156,3,86,561,107,2636,1607,642,1465,0,1,5,1,0,15,75,21,189,70,6,57,0,84,320,82,0,8,134,7,61,56,53,63
2009,Historical,Regional,51,-116,1500,-6.5,6.5,19.4,6.5,-15.8,-6,3.4,-3.6,-11.1,0.2,11.4,1.4,190,109,236,105,2.7,15.5,20.7,5.5,1039,249,1,253,3,77,599,175,2643,1638,600,1516,0,1,6,3,0,12,75,25,186,67,5,51,0,134,330,68,0,63,96,44,60,55,51,64
2010,Historical,Regional,51,-116,1500,-5,8.5,18.4,5.3,-13.6,-4.7,3.3,-4.5,-9.3,1.9,10.9,0.4,75,108,196,143,2.6,15.1,20.2,5.1,745,107,1,261,8,74,543,108,2322,1486,658,1598,0,1,4,1,1,11,76,27,69,58,7,66,0,165,316,76,0,56,120,17,63,54,53,65
2011,Historical,Regional,51,-116,1500,-7.4,5.4,18.6,6.9,-16.3,-6.3,4,-4,-11.9,-0.4,11.3,1.5,143,190,191,121,-9999,-9999,-9999,-9999,1018,282,1,247,2,67,584,166,2626,1698,619,1507,0,1,6,3,1,12,80,26,139,120,5,53,0,82,313,89,0,2,122,44,61,57,55,62
2012,Historical,Regional,51,-116,1500,-5.2,7.4,19.8,6.4,-12.7,-4.6,4.1,-4.6,-9,1.4,11.9,0.9,76,161,268,138,-9999,-9999,-9999,-9999,875,166,1,260,4,83,648,141,2472,1530,559,1559,0,1,9,2,1,13,80,20,72,109,10,63,0,137,332,67,0,63,152,33,68,57,53,62
2013,Historical,Regional,51,-116,1500,-4.4,7.6,19.6,6.4,-12.2,-5.5,4.7,-4.2,-8.3,1,12.1,1.1,99,157,226,153,-9999,-9999,-9999,-9999,769,203,0,263,7,95,664,162,2356,1564,539,1540,0,2,9,3,2,13,83,27,92,87,6,82,0,137,326,85,0,32,150,0,67,54,55,62
2014,Historical,Regional,51,-116,1500,-6.3,6.2,19.8,6.5,-14.9,-6,5,-4.2,-10.6,0.1,12.4,1.2,135,208,185,254,-9999,-9999,-9999,-9999,892,274,0,252,4,86,688,141,2482,1647,518,1531,0,1,13,2,1,15,81,29,123,115,4,70,0,135,329,84,0,1,144,0,63,56,55,62
2015,Historical,Regional,51,-116,1500,-2.9,10.2,20.9,6.4,-10.8,-3.8,4.5,-4.2,-6.8,3.2,12.7,1.1,117,74,196,247,-9999,-9999,-9999,-9999,686,83,0,236,8,125,711,114,2263,1361,490,1536,0,2,10,1,2,16,83,26,100,29,3,132,0,185,350,79,0,111,154,0,67,53,51,62
2011,CNRM_RCP45,Regional,51,-116,1500,-4,9.7,21.3,7.4,-12,-3.3,7.2,-2.6,-8,3.2,14.3,2.4,251,116,261,145,2.5,15,19.9,6,746,165,0,178,6,195,854,160,2336,1367,367,1420,0,4,25,2,1,28,90,30,233,49,2,48,0,161,342,84,0,85,86,5,66,55,57,65
2012,CNRM_RCP45,Regional,51,-116,1500,-5.1,8,21.8,7.2,-13.3,-3,6.1,-2.4,-9.2,2.5,14,2.4,255,163,167,194,2,14.5,21.4,5,883,142,0,198,8,134,830,180,2455,1427,399,1419,0,2,33,3,2,27,86,33,229,62,2,76,0,135,354,83,0,15,187,0,65,61,53,66
2013,CNRM_RCP45,Regional,51,-116,1500,-7.5,9.7,22.1,6.3,-15.4,-2.4,6.2,-3.2,-11.4,3.6,14.1,1.6,264,126,206,193,2.9,14.7,21.1,5.1,1036,86,0,212,6,147,841,130,2622,1325,381,1499,0,2,26,2,2,26,86,28,221,42,1,81,0,145,360,78,0,62,154,0,65,59,53,66
2014,CNRM_RCP45,Regional,51,-116,1500,-3.8,9.5,20.4,9.2,-11.8,-3,6.9,-0.6,-7.8,3.3,13.6,4.3,252,127,295,162,2.7,15.1,19.5,5.4,752,127,0,144,9,171,799,250,2321,1359,418,1248,0,3,22,5,2,28,88,44,213,40,3,55,0,147,326,93,0,42,38,36,66,57,59,67
2015,CNRM_RCP45,Regional,51,-116,1500,-7.4,11.3,22.7,6.6,-16,-2.1,8.1,-2.6,-11.7,4.6,15.4,2,200,104,249,213,2.6,15.3,20.2,-9999,1048,154,0,234,2,287,957,180,2653,1246,288,1456,0,9,53,3,1,39,90,35,193,26,1,85,0,172,359,84,0,93,109,0,63,55,56,68
2016,CNRM_RCP45,Regional,51,-116,1500,-3.4,8.4,20.7,6.7,-11.3,-4.3,6.6,-2.1,-7.4,2,13.7,2.3,308,107,298,206,-9999,15.2,19.6,4.9,709,150,0,192,8,113,799,156,2283,1471,404,1429,0,2,18,2,2,18,89,35,281,56,2,75,0,139,334,79,0,60,74,0,67,56,57,69
2017,CNRM_RCP45,Regional,51,-116,1500,-4.4,10.1,20.5,6.6,-13.1,-2.3,5.4,-3,-8.8,3.9,12.9,1.8,107,114,211,205,4.2,15.2,20.7,5.6,804,77,0,220,5,151,732,156,2399,1302,471,1475,0,2,12,2,1,29,86,31,99,22,3,59,0,175,337,79,0,61,126,0,63,58,54,66
2018,CNRM_RCP45,Regional,51,-116,1500,-5.4,7.2,21.9,6.8,-13,-5,5.9,-3.8,-9.2,1.1,13.9,1.5,282,130,183,122,2.4,14.6,21.2,6.7,850,207,0,244,5,91,818,162,2442,1558,388,1502,0,1,19,2,1,17,88,29,261,67,2,50,0,134,360,85,0,40,177,17,67,57,52,63
2019,CNRM_RCP45,Regional,51,-116,1500,-3.7,9.8,20.3,7.9,-11.4,-2.2,6.2,-1.9,-7.5,3.8,13.3,3,181,165,272,148,2.7,14.5,20.1,5.9,713,123,0,195,7,204,765,194,2293,1309,439,1363,0,4,14,3,2,35,88,39,165,50,3,41,0,149,329,87,0,35,57,10,67,59,57,66
2020,CNRM_RCP45,Regional,51,-116,1500,-5,9.3,19.9,7.7,-13.1,-3,5.8,-2.7,-9.1,3.1,12.8,2.5,205,142,273,158,2.7,14.7,19.9,5.7,846,155,0,211,5,194,720,188,2436,1369,485,1410,0,4,12,3,1,31,87,33,195,49,3,71,0,148,325,91,0,36,80,36,65,57,57,64
2021,CNRM_RCP45,Regional,51,-116,1500,-6.5,5.5,19.6,7.6,-14.6,-6.2,5.9,-1.7,-10.5,-0.4,12.8,3,252,151,312,164,1.9,14.6,19.9,5.5,973,282,0,158,3,65,718,163,2568,1694,486,1370,0,1,13,2,1,11,87,35,246,105,5,48,0,129,318,82,0,49,60,2,65,58,58,67
2022,CNRM_RCP45,Regional,51,-116,1500,-4.3,8.5,21.4,7.8,-12.5,-3.2,6.1,-2.3,-8.4,2.6,13.7,2.8,275,190,167,240,2.4,14.6,21,5.4,804,132,0,240,9,119,804,251,2382,1420,395,1384,0,2,18,5,2,24,88,40,241,61,1,102,0,136,348,93,0,18,182,0,65,59,54,65
2023,CNRM_RCP45,Regional,51,-116,1500,-6,6.6,19.2,6.7,-14,-5.1,4.6,-2.9,-10,0.7,11.9,1.9,292,146,201,208,-9999,14.9,20.8,5.4,922,200,1,248,4,70,646,192,2513,1592,558,1461,0,1,9,3,1,15,82,38,256,79,5,90,0,124,321,84,0,18,120,0,66,58,55,66
2024,CNRM_RCP45,Regional,51,-116,1500,-2.4,9,19.9,7.5,-9.7,-2.8,5.9,-1.8,-6,3.1,12.9,2.9,260,143,313,188,2.1,14.7,19.6,5.4,604,125,0,187,12,147,728,179,2165,1373,478,1377,0,2,13,2,3,29,88,38,213,46,4,65,0,141,324,83,0,34,40,0,70,59,57,68
2025,CNRM_RCP45,Regional,51,-116,1500,-7.8,7.7,21.9,6.7,-16,-4.1,7,-3.5,-11.9,1.8,14.4,1.6,168,154,242,169,3.3,14.7,20.7,6.2,1074,209,0,231,2,150,867,149,2676,1494,349,1496,0,3,25,2,1,25,90,28,163,67,2,68,0,141,351,84,0,22,109,26,64,58,55,64
2026,CNRM_RCP45,Regional,51,-116,1500,-2.8,9.2,20.2,9.5,-10,-2.7,6.4,-0.9,-6.4,3.3,13.3,4.3,259,168,274,196,2.5,14.5,20,6.2,627,130,0,135,9,154,767,244,2190,1362,434,1248,0,3,14,5,3,31,89,41,216,45,3,54,0,142,324,95,0,14,55,6,69,59,58,65
2027,CNRM_RCP45,Regional,51,-116,1500,-4.4,11.2,21.4,8.1,-13.3,-1,7,-1.2,-8.8,5.1,14.2,3.5,192,165,239,133,3.4,14.4,20.3,5.8,832,60,0,128,6,222,851,182,2417,1188,362,1326,0,4,23,3,1,38,90,37,182,28,2,38,0,186,343,86,0,32,104,35,63,59,56,68
2028,CNRM_RCP45,Regional,51,-116,1500,-4.6,9.5,20.7,4.7,-12.7,-2.8,5.9,-5,-8.6,3.3,13.3,-0.2,346,149,234,213,-9999,14.9,20.5,4.8,789,165,0,345,5,204,764,128,2388,1352,441,1654,0,4,16,2,1,33,88,27,316,42,2,112,0,154,338,78,0,39,118,0,65,58,55,65
2029,CNRM_RCP45,Regional,51,-116,1500,-3.3,9,22,6.5,-11,-3.2,7,-3.3,-7.2,2.9,14.5,1.6,320,124,193,211,2.2,15,20.9,4.9,694,144,0,221,9,162,878,132,2267,1392,338,1490,0,3,27,1,2,27,89,31,286,48,1,85,0,145,354,78,0,50,161,0,68,57,55,65
2030,CNRM_RCP45,Regional,51,-116,1500,-4.7,7.7,22.7,8.9,-12.7,-4.4,7,-2.9,-8.7,1.7,14.9,3,256,157,197,155,2.3,14.6,21.3,7,811,232,0,255,5,145,913,308,2399,1508,336,1379,0,3,52,13,1,27,88,37,241,63,2,54,0,141,365,105,0,34,168,67,66,57,53,60
2031,CNRM_RCP45,Regional,51,-116,1500,-3.6,9.3,20.7,8,-11.1,-2.7,6.5,-1.5,-7.4,3.3,13.6,3.2,288,163,236,212,-9999,14.8,20.3,5.1,710,73,0,214,8,113,791,228,2285,1358,413,1340,0,2,17,3,2,23,89,45,261,51,2,93,0,166,333,87,0,7,98,0,68,59,57,67
2032,CNRM_RCP45,Regional,51,-116,1500,-5.6,7.3,19.8,7,-13.7,-5.2,5.2,-3,-9.7,1,12.5,2,215,162,199,166,2.9,15.1,20.6,5.9,888,232,0,211,4,100,695,161,2486,1565,512,1460,0,2,13,2,1,20,84,30,206,56,4,70,0,135,328,83,0,0,129,14,65,55,55,65
2033,CNRM_RCP45,Regional,51,-116,1500,-3.1,8.8,22.4,4.2,-11.6,-2.7,6.6,-5.4,-7.3,3,14.5,-0.6,309,182,196,222,2.1,14.7,21.4,5.2,699,94,0,432,8,116,877,175,2280,1381,338,1694,0,2,30,3,2,24,89,31,272,64,1,109,0,134,363,81,0,10,168,0,65,60,53,65
2034,CNRM_RCP45,Regional,51,-116,1500,-2.4,10.1,21.2,7.4,-10.2,-1.5,6.7,-2.7,-6.3,4.3,14,2.4,266,133,211,136,-9999,14.8,20.3,5.8,620,66,0,202,9,164,828,172,2182,1264,379,1424,0,3,21,2,2,32,89,33,224,31,1,52,0,175,341,85,0,49,130,16,67,61,56,64
2035,CNRM_RCP45,Regional,51,-116,1500,-5,9,20.8,8,-13.2,-3.2,7.2,-1.9,-9.1,2.9,14,3,265,132,320,163,-9999,14.9,19.6,5.8,839,150,0,215,5,157,826,250,2433,1394,376,1367,0,3,20,7,1,26,90,38,243,47,2,68,0,150,332,93,0,55,58,40,65,58,58,66
2036,CNRM_RCP45,Regional,51,-116,1500,-3.9,6.8,20.8,8.6,-11.5,-4.1,5.8,-1.6,-7.7,1.3,13.3,3.5,212,223,171,143,2.4,13.9,21.1,6.1,749,215,0,170,10,105,768,216,2320,1540,444,1324,0,2,17,4,2,23,87,37,189,94,2,53,0,131,340,90,0,0,169,15,68,61,55,65
2037,CNRM_RCP45,Regional,51,-116,1500,-4.1,7.8,19.5,7.7,-11.8,-3.9,4.9,-2.2,-8,2,12.2,2.8,247,169,240,176,2.5,14.6,20.7,5.7,762,148,0,200,7,101,673,190,2338,1478,528,1386,0,2,10,3,2,22,83,37,224,65,4,68,0,128,323,86,0,17,94,5,67,59,55,66
2038,CNRM_RCP45,Regional,51,-116,1500,-4.5,9.5,21.4,6.5,-12.6,-1.4,6.9,-2.5,-8.5,4,14.2,2,213,175,251,240,2.7,14.2,20.5,5.3,829,72,0,200,12,158,844,151,2398,1287,368,1461,0,2,24,2,2,33,89,33,179,44,2,77,0,169,343,75,0,13,106,0,66,63,56,68
2039,CNRM_RCP45,Regional,51,-116,1500,-4.7,9.9,21.2,6.3,-12.4,-2.5,6.7,-2.9,-8.5,3.7,14,1.7,313,116,255,204,-9999,15.1,20.2,5.1,803,82,0,160,5,146,826,89,2386,1320,388,1486,0,2,22,1,1,28,88,25,290,27,2,78,0,140,341,73,0,41,99,0,67,58,56,67
2040,CNRM_RCP45,Regional,51,-116,1500,-3.4,8.8,20.9,6.2,-11.6,-3.5,6.4,-2.4,-7.5,2.6,13.6,1.9,258,116,203,223,2.7,15.2,20.2,4.6,712,133,0,189,7,127,797,128,2293,1417,421,1467,0,2,23,1,1,21,88,32,234,56,2,80,0,146,336,74,0,77,133,0,66,57,56,69
2041,CNRM_RCP45,Regional,51,-116,1500,-2.5,9.3,21.7,7,-10.9,-3.4,7.6,-2.4,-6.7,2.9,14.7,2.3,190,149,289,186,2.9,15,19.7,5.2,648,211,0,187,8,231,886,163,2216,1391,331,1429,0,6,28,2,2,33,90,32,165,41,1,87,0,157,343,81,0,31,65,22,65,56,57,67
2042,CNRM_RCP45,Regional,51,-116,1500,-4.4,9.8,21.4,9.2,-11.9,-2.1,6.4,-0.6,-8.1,3.9,13.9,4.3,246,133,230,226,2.2,14.5,20.6,5.4,759,126,0,122,5,214,821,244,2346,1296,393,1249,0,5,22,5,1,33,88,40,231,58,2,69,0,156,345,89,0,77,116,0,68,59,55,66
2043,CNRM_RCP45,Regional,51,-116,1500,-3,9.2,20.6,9.4,-11.1,-2.5,6.2,-0.5,-7.1,3.3,13.4,4.5,178,134,254,152,2.3,14.7,20.4,5.7,681,98,0,123,8,144,776,238,2256,1353,425,1232,0,2,15,4,2,28,88,43,159,42,2,42,0,137,334,91,0,33,80,6,66,59,56,66
2044,CNRM_RCP45,Regional,51,-116,1500,-2.5,9.9,21.3,6.7,-10.3,-1.7,7.6,-2.3,-6.4,4.1,14.4,2.2,227,159,325,171,2.4,14.5,20,4.9,630,80,0,182,11,185,866,142,2198,1281,347,1442,0,3,25,2,3,32,90,32,198,41,2,58,0,177,337,77,0,17,38,0,67,60,58,68
2045,CNRM_RCP45,Regional,51,-116,1500,-4.1,7.9,20.6,7.5,-11.7,-3.4,6.3,-2.5,-7.9,2.2,13.4,2.5,154,146,217,146,3,14.5,20.2,5.7,756,134,0,195,7,113,776,167,2332,1453,428,1408,0,2,16,2,2,23,88,34,139,66,2,52,0,130,334,84,0,20,117,0,68,60,57,65
2046,CNRM_RCP45,Regional,51,-116,1500,-4.2,8.6,21.8,7.6,-12.1,-3.6,7.3,-2.1,-8.1,2.5,14.6,2.8,371,177,195,170,-9999,14.8,20.6,5.5,781,137,0,189,9,138,882,189,2358,1427,339,1388,0,2,27,3,2,22,90,35,341,98,1,57,0,142,349,86,0,47,154,2,67,57,56,66
2047,CNRM_RCP45,Regional,51,-116,1500,-1.7,7.7,20.7,8.8,-9,-3.7,6.3,-0.8,-5.3,2,13.5,4,280,184,301,258,1.9,14.6,20.1,-9999,552,135,0,128,14,100,789,218,2102,1473,426,1272,0,1,21,4,4,19,87,40,226,97,4,84,0,131,336,90,0,25,60,19,70,60,56,67
2048,CNRM_RCP45,Regional,51,-116,1500,-3.7,9.6,20.8,8.8,-10.9,-2,6.2,-1.4,-7.3,3.8,13.5,3.7,223,126,222,124,2.3,14.7,20.5,6.2,711,104,0,153,10,177,776,207,2283,1314,427,1305,0,3,16,3,2,32,89,39,189,42,2,25,0,145,340,88,0,59,118,4,70,60,56,65
2049,CNRM_RCP45,Regional,51,-116,1500,-2.6,10.2,20,9,-9.9,-2,6.6,-1.3,-6.2,4.1,13.3,3.9,211,158,298,135,2.4,14.9,19.5,6.5,610,84,0,143,10,176,762,220,2177,1285,442,1288,0,3,15,4,3,32,89,38,178,28,3,54,0,143,319,92,0,29,56,34,69,58,59,65
2050,CNRM_RCP45,Regional,51,-116,1500,-3.6,9.1,23.3,9.6,-10.9,-3.6,8,-0.8,-7.2,2.8,15.7,4.4,269,113,220,168,2.1,14.9,20.9,6.3,691,157,0,145,7,160,982,264,2269,1405,262,1240,0,3,45,6,2,25,91,41,233,38,1,66,0,151,368,96,0,65,148,28,69,56,55,65
2051,CNRM_RCP45,Regional,51,-116,1500,-2.3,9.6,22.5,7.1,-9.3,-1.6,7.9,-2.4,-5.8,4,15.2,2.4,304,142,187,170,1.4,14.4,20.7,5.5,617,108,0,192,21,193,937,173,2152,1291,293,1427,0,4,36,3,7,37,91,33,216,36,1,54,0,143,357,80,0,35,170,0,71,61,56,66
2052,CNRM_RCP45,Regional,51,-116,1500,-0.4,7.7,23.7,8.5,-7.7,-3.5,8,-1,-4.1,2.1,15.8,3.8,234,192,193,259,2.3,14.2,21.5,-9999,459,171,0,149,19,128,1000,227,1988,1466,257,1298,0,2,63,4,5,26,91,40,164,88,1,103,0,136,375,89,0,12,182,19,70,60,54,67
2053,CNRM_RCP45,Regional,51,-116,1500,-6.1,12.2,24.1,8.4,-13.8,0.7,8.4,-2.7,-10,6.4,16.3,2.9,237,173,181,128,2,14.4,21.4,6.8,941,42,0,185,6,292,1040,219,2521,1061,218,1383,0,6,61,5,1,49,91,30,220,15,0,64,0,190,381,93,0,32,200,45,67,62,54,61
2054,CNRM_RCP45,Regional,51,-116,1500,-3.8,8.8,20.4,7.6,-11.6,-3.1,6,-1.9,-7.7,2.8,13.2,2.9,300,162,208,158,-9999,14.9,20.6,5.6,735,162,0,146,7,152,759,142,2309,1402,449,1378,0,3,15,1,2,30,88,34,252,53,3,47,0,142,334,79,0,21,127,0,67,58,56,67
2055,CNRM_RCP45,Regional,51,-116,1500,-4,6.7,22.1,9.1,-11.8,-4.3,8.1,-0.6,-7.9,1.2,15.1,4.2,198,166,219,171,2.8,14.4,20.1,5.7,758,164,0,105,8,72,933,206,2334,1551,302,1254,0,1,49,3,2,15,90,41,182,94,1,46,0,124,348,88,0,27,130,14,67,60,58,67
2056,CNRM_RCP45,Regional,51,-116,1500,-3.7,9.6,20.6,7.7,-11.8,-1.7,6.6,-2,-7.7,4,13.6,2.9,270,200,273,142,-9999,14.3,20.1,5.7,739,103,0,198,7,192,796,188,2318,1294,418,1378,0,4,22,3,1,36,88,38,248,40,3,56,0,139,332,86,0,4,81,7,66,61,58,66
2057,CNRM_RCP45,Regional,51,-116,1500,-3.7,7.9,21.6,6.6,-11.4,-3,7.2,-2.7,-7.6,2.4,14.4,1.9,189,183,277,221,2.6,14.3,20.3,5.2,721,158,0,236,7,127,872,195,2299,1437,359,1466,0,2,33,4,2,29,88,33,172,53,2,108,0,131,345,81,0,3,68,0,68,61,57,66
2058,CNRM_RCP45,Regional,51,-116,1500,-3.4,11.3,22.1,7.2,-11.4,-1.4,7.7,-2.3,-7.4,4.9,14.9,2.5,164,157,268,201,3.5,15,20.1,5.5,722,84,0,198,10,239,913,176,2286,1206,311,1415,0,5,32,3,3,37,90,35,134,38,1,64,0,159,351,82,0,48,84,2,66,57,57,67
2059,CNRM_RCP45,Regional,51,-116,1500,-3.7,9,21.6,9.1,-10.9,-2.3,6.7,-0.4,-7.3,3.4,14.2,4.4,247,145,235,227,2.1,14.5,20.7,5.6,683,106,0,82,8,159,843,185,2265,1350,377,1242,0,3,25,2,3,29,89,41,215,60,2,47,0,140,350,84,0,65,115,0,70,61,55,67
2060,CNRM_RCP45,Regional,51,-116,1500,-4.2,10.9,22.2,7.9,-11.1,-1.1,7.2,-1.7,-7.6,4.9,14.7,3.1,265,139,200,221,2.3,14.8,20.7,5.1,715,87,0,179,6,243,892,208,2296,1204,331,1358,0,5,28,4,2,39,90,37,237,30,1,88,0,155,356,87,0,48,156,19,70,60,55,67
2061,CNRM_RCP45,Regional,51,-116,1500,-4.8,10.3,22.2,8.1,-12.9,-2,7.7,-0.8,-8.8,4.2,15,3.7,296,146,238,214,2.8,15.3,20.4,-9999,884,86,0,156,17,198,912,221,2428,1273,312,1305,0,4,35,4,4,32,91,42,235,40,1,79,0,182,354,85,0,46,116,12,66,58,56,69
2062,CNRM_RCP45,Regional,51,-116,1500,-1.5,9.1,20.7,7.3,-9.2,-3,5.8,-1.9,-5.4,3.1,13.2,2.7,160,194,228,274,3.1,14.9,20.6,5,559,146,0,214,15,168,763,232,2105,1379,448,1396,0,3,16,6,4,30,87,35,125,41,3,101,0,144,339,87,0,0,112,0,68,58,55,68
2063,CNRM_RCP45,Regional,51,-116,1500,-2.8,10.9,22.5,8.5,-10.4,-1.5,7.7,-2.5,-6.6,4.7,15.1,3,203,170,266,131,2.7,14.8,20.5,6.8,638,97,0,220,9,242,935,241,2206,1223,297,1366,0,6,39,5,3,38,90,36,174,25,1,60,0,154,357,96,0,16,91,48,68,58,56,62
2064,CNRM_RCP45,Regional,51,-116,1500,-1.3,10.2,22.8,8.2,-8.7,-2,8.6,-1.8,-5,4.1,15.7,3.2,249,171,246,124,1.9,14.5,20.1,6.8,541,155,0,180,22,245,986,189,2077,1279,258,1345,0,6,46,2,6,39,91,40,171,45,1,33,0,155,358,85,0,34,112,6,70,58,57,65
2065,CNRM_RCP45,Regional,51,-116,1500,-2.3,8.1,21.3,8.4,-10,-2.6,6.8,-1.4,-6.2,2.7,14,3.5,306,213,196,221,-9999,13.8,20.6,5.7,607,132,0,194,9,129,835,227,2169,1408,380,1318,0,2,25,3,3,30,88,44,255,57,2,60,0,130,344,89,0,0,148,15,68,62,56,66
2066,CNRM_RCP45,Regional,51,-116,1500,-2.4,9.9,22.6,10.3,-9.8,-2.8,7.5,-0.3,-6.1,3.6,15,5,294,107,189,132,-9999,15.3,20.9,6.5,604,116,0,154,10,172,922,309,2166,1331,304,1189,0,3,34,8,3,28,90,47,248,35,1,19,0,154,361,98,0,79,172,0,69,57,55,64
2067,CNRM_RCP45,Regional,51,-116,1500,-1.9,9.8,21.9,8.9,-9.3,-2.5,7.4,-0.5,-5.6,3.6,14.7,4.2,236,149,255,238,-9999,14.7,20.4,5.5,565,132,0,137,11,203,887,239,2121,1324,332,1256,0,4,29,4,3,33,90,44,189,50,1,36,0,150,349,87,0,42,94,0,69,58,56,68
2068,CNRM_RCP45,Regional,51,-116,1500,-6,8.3,22,9.8,-14.2,-2.6,7.5,-0.8,-10.1,2.8,14.8,4.5,225,132,283,174,2.6,14.8,20.6,6,927,104,0,117,3,124,900,269,2527,1396,342,1241,0,2,50,9,1,26,90,38,218,58,2,63,0,130,349,98,0,40,141,46,65,62,57,64
2069,CNRM_RCP45,Regional,51,-116,1500,-2.6,11.7,23.5,10.7,-9.9,-1.4,8.3,0.9,-6.3,5.2,15.9,5.8,241,99,245,180,2.1,15.4,20.8,6.1,632,87,0,84,14,268,1005,309,2187,1185,245,1119,0,7,52,9,4,37,91,50,194,22,1,25,0,168,371,96,0,95,126,29,70,56,55,67
2070,CNRM_RCP45,Regional,51,-116,1500,-2.9,9.9,22.6,7.6,-10.5,-3,7,-2.3,-6.7,3.5,14.8,2.7,275,115,170,170,1.8,15.2,21.2,6.1,661,111,0,178,10,159,908,170,2226,1342,322,1398,0,3,35,2,3,27,89,33,231,30,1,59,0,148,363,84,0,51,193,0,68,56,54,65
2071,CNRM_RCP45,Regional,51,-116,1500,-3.3,9.5,24.1,7.1,-12.4,-2.2,8.8,-2.1,-7.9,3.7,16.5,2.5,179,169,180,293,3.8,14.6,21,-9999,761,155,0,221,10,215,1060,224,2335,1322,215,1418,0,4,79,6,1,38,91,34,166,46,0,159,0,147,378,85,0,26,198,10,62,59,55,67
2072,CNRM_RCP45,Regional,51,-116,1500,-3,11.3,23.2,8.8,-10.5,-1,8.4,-0.2,-6.8,5.2,15.8,4.3,488,126,220,192,-9999,15.2,20.7,5.3,666,70,0,114,11,245,993,211,2230,1177,255,1244,0,5,50,3,2,37,91,45,398,31,1,60,0,192,365,85,0,85,145,0,69,59,56,69
2073,CNRM_RCP45,Regional,51,-116,1500,-2,8.8,22.4,8.7,-9.6,-3,7.5,-0.6,-5.8,2.9,14.9,4,288,173,200,220,-9999,15,21,5.5,581,156,0,106,11,159,917,190,2137,1397,311,1271,0,3,36,2,3,30,90,42,238,45,1,47,0,141,357,83,0,0,157,0,68,59,55,68
2074,CNRM_RCP45,Regional,51,-116,1500,-3.1,7,23.9,10.1,-11,-4.7,7.9,0.2,-7,1.1,15.9,5.1,267,148,170,150,2.3,14.6,21.4,5.9,696,244,0,112,12,123,1008,277,2261,1554,249,1170,0,2,63,5,3,24,90,48,227,73,1,35,0,136,380,96,0,33,210,11,67,58,53,67
2075,CNRM_RCP45,Regional,51,-116,1500,-2.8,10.3,23.5,9.6,-10.9,-1.1,8.7,-0.4,-6.8,4.6,16.1,4.6,216,205,231,188,3.1,14.2,20.5,5.7,677,72,0,138,12,199,1022,299,2242,1239,235,1231,0,4,60,12,3,37,91,41,184,39,1,74,0,178,369,97,0,48,138,43,66,62,56,66
2076,CNRM_RCP45,Regional,51,-116,1500,-1.5,8.4,24.7,10.7,-8.4,-3.8,8.8,0.4,-4.9,2.3,16.8,5.6,342,143,244,110,-9999,15.1,21.3,7,531,163,0,126,19,135,1087,335,2068,1449,225,1143,0,2,118,12,6,22,90,49,262,75,1,15,0,145,391,101,0,59,148,35,72,57,54,65
2077,CNRM_RCP45,Regional,51,-116,1500,-1.7,10.1,20.2,8.4,-9,-1.5,6.6,-1.8,-5.4,4.3,13.4,3.3,207,152,315,163,2.2,14.6,19.6,6.2,555,84,0,194,14,193,778,239,2105,1263,425,1338,0,4,15,5,4,35,89,37,162,38,3,54,0,149,325,90,0,49,54,2,70,61,58,64
2078,CNRM_RCP45,Regional,51,-116,1500,-4,9.7,21.2,7.9,-11.1,-2.4,6.8,-0.9,-7.5,3.7,14,3.5,313,150,239,208,-9999,14.9,20.7,5.2,718,85,0,152,7,145,835,192,2293,1324,383,1323,0,2,28,3,2,29,88,42,276,35,2,57,0,138,340,81,0,23,101,0,70,59,56,69
2079,CNRM_RCP45,Regional,51,-116,1500,-0.8,10.4,23.1,9.7,-8.6,-1.8,7.9,-0.3,-4.7,4.3,15.5,4.7,219,125,182,144,2.9,15,21.2,5.7,497,108,0,87,16,233,962,241,2041,1259,273,1210,0,6,42,5,4,35,91,41,155,40,1,34,0,157,367,92,0,75,185,36,68,58,55,66
2080,CNRM_RCP45,Regional,51,-116,1500,-2,7.9,21.2,7.8,-9.2,-2.8,7,-2.2,-5.6,2.6,14.1,2.8,218,204,277,180,1.8,14.1,20.4,6,585,117,0,204,17,110,844,189,2131,1422,380,1384,0,2,27,2,4,25,89,38,160,83,2,49,0,129,340,86,0,11,63,0,71,62,57,65
2081,CNRM_RCP45,Regional,51,-116,1500,-2.8,11.6,22.4,8.4,-10.8,-0.1,8,-0.5,-6.8,5.8,15.2,3.9,267,127,262,216,2.9,14.6,20.5,5.1,659,67,0,137,9,292,939,231,2230,1136,294,1279,0,9,36,5,2,44,91,42,235,19,1,66,0,188,353,85,0,62,116,0,66,61,57,69
2082,CNRM_RCP45,Regional,51,-116,1500,-2.9,9.4,20.6,10.2,-10.8,-1.5,7.1,0.3,-6.8,3.9,13.8,5.3,355,171,294,154,2.1,14.6,19.4,5.9,684,84,0,110,13,166,813,287,2241,1296,400,1162,0,3,21,6,3,34,89,49,302,58,2,35,0,141,328,93,0,41,43,19,67,63,59,67
2083,CNRM_RCP45,Regional,51,-116,1500,-4.1,8.8,21.8,8.1,-11.2,-2.6,6.8,-1.7,-7.6,3.1,14.3,3.2,339,188,211,175,1.5,14.6,20.8,5.7,717,140,0,131,6,165,854,150,2298,1376,356,1346,0,3,25,2,2,31,89,34,304,49,1,57,0,139,350,82,0,0,139,9,70,60,55,66
2084,CNRM_RCP45,Regional,51,-116,1500,-3,9,19.6,6.9,-10.4,-2.2,7.2,-2.4,-6.7,3.4,13.4,2.3,273,174,323,163,2,14.4,18.8,5.5,654,135,0,192,11,173,775,157,2226,1350,438,1435,0,3,19,2,3,36,89,33,237,43,4,55,0,138,311,79,0,1,28,0,69,61,62,67
2085,CNRM_RCP45,Regional,51,-116,1500,-1.8,8.5,22.5,7.2,-10.4,-3.5,7.2,-1.7,-6.1,2.5,14.9,2.7,168,138,216,274,3.7,14.8,21.2,4.9,606,124,0,163,10,115,913,153,2167,1431,324,1389,0,2,41,2,2,20,89,37,143,61,1,119,0,139,361,78,0,44,152,0,64,58,54,69
2086,CNRM_RCP45,Regional,51,-116,1500,-3.2,9.9,24.9,9,-11,-2.8,9.2,-0.5,-7.1,3.5,17,4.3,277,115,179,202,1.9,15.2,21.4,-9999,678,116,0,144,7,182,1108,255,2254,1332,187,1250,0,4,98,6,2,28,91,43,248,46,0,80,0,152,389,92,0,82,209,10,67,56,54,68
2087,CNRM_RCP45,Regional,51,-116,1500,-1.8,8.5,22.5,9.4,-9.2,-3.2,7.7,-1.1,-5.5,2.6,15.1,4.1,203,146,225,112,-9999,14.7,20.7,6.9,559,157,0,115,14,137,931,195,2114,1419,300,1262,0,2,37,2,5,29,90,40,133,43,1,20,0,138,358,88,0,22,132,12,69,59,56,64
2088,CNRM_RCP45,Regional,51,-116,1500,-2.7,9,22.1,7.9,-10.4,-2.8,8.3,-1.3,-6.5,3.1,15.2,3.3,213,155,286,199,2.6,14.7,19.9,5,639,94,0,198,9,126,942,236,2205,1375,292,1334,0,2,36,5,2,23,91,42,178,63,1,71,0,168,347,88,0,41,71,12,68,59,58,68
2089,CNRM_RCP45,Regional,51,-116,1500,-5,10.1,22.7,8.4,-12.9,-1.1,8.2,-0.9,-8.9,4.5,15.4,3.8,260,204,247,192,-9999,14.2,20.6,5.8,834,95,0,126,5,217,961,205,2424,1245,285,1297,0,4,57,3,1,43,90,39,246,37,1,61,0,143,358,86,0,38,128,18,66,62,57,68
2090,CNRM_RCP45,Regional,51,-116,1500,-2.8,11.1,22.9,8.6,-10.2,-1.3,7.9,-1.2,-6.5,4.9,15.4,3.7,396,148,211,177,2.1,14.9,21,5.9,638,69,0,141,11,221,958,211,2204,1211,281,1305,0,4,44,4,3,35,90,38,335,25,1,58,0,187,364,88,0,41,153,16,69,58,55,66
2091,CNRM_RCP45,Regional,51,-116,1500,-1.3,9.1,21.8,7.8,-9.1,-3,7.3,-1.6,-5.2,3,14.5,3.1,274,144,210,222,2.5,14.6,20.7,5.8,541,92,0,162,14,118,870,203,2089,1381,341,1360,0,2,26,4,4,21,90,35,203,54,1,79,0,170,348,86,0,39,138,4,68,58,56,67
2092,CNRM_RCP45,Regional,51,-116,1500,-1.3,12.3,24.3,11.1,-8.8,0.6,8.6,0.2,-5,6.4,16.4,5.6,272,189,210,131,-9999,14.3,21.2,6.4,519,60,0,128,16,330,1054,332,2072,1075,217,1130,0,10,73,9,5,49,91,49,179,22,1,43,0,196,382,105,0,16,172,45,69,61,54,64
2093,CNRM_RCP45,Regional,51,-116,1500,-0.6,10.6,21.7,8.4,-7.8,-1.4,7.6,-1,-4.2,4.6,14.7,3.7,275,152,317,229,2,14.7,20.1,5.5,469,84,0,125,19,214,894,200,2000,1238,328,1305,0,4,31,3,6,37,90,38,185,28,2,56,0,146,344,83,0,21,111,0,70,59,57,67
2094,CNRM_RCP45,Regional,51,-116,1500,-2.8,11.3,23.7,6.9,-10.5,0.1,7.9,-2.9,-6.6,5.7,15.8,2,271,170,177,219,2.4,14.4,21.6,5.1,663,60,0,211,13,266,998,164,2224,1131,254,1457,0,6,58,2,3,46,91,32,231,27,1,89,0,185,376,81,0,30,199,5,68,62,53,65
2095,CNRM_RCP45,Regional,51,-116,1500,-2.7,9.8,23.2,9.6,-10.5,-1.4,7.8,0.1,-6.6,4.2,15.5,4.9,222,225,186,184,3,14.2,21.2,5.5,637,85,0,97,9,183,968,244,2204,1271,273,1197,0,3,51,4,3,38,90,46,184,41,1,40,0,137,368,90,0,11,182,0,67,62,54,68
2096,CNRM_RCP45,Regional,51,-116,1500,-4.6,12,22.9,8.2,-13.1,-0.9,9.1,-1.5,-8.8,5.6,16,3.3,183,130,278,191,3.8,15.3,20.1,5.1,859,60,0,178,11,261,1011,225,2420,1145,245,1336,0,6,63,5,3,39,91,38,135,18,1,80,0,196,354,89,0,67,101,21,64,57,59,67
2097,CNRM_RCP45,Regional,51,-116,1500,-1.8,9.2,21.2,9.1,-9.7,-2.4,8.5,0.1,-5.7,3.4,14.9,4.6,348,183,302,203,1.8,14.5,19.1,5.2,581,137,0,141,12,175,906,259,2136,1348,317,1220,0,3,30,4,3,33,91,50,291,56,2,52,0,146,328,87,0,24,34,0,67,60,61,69
2098,CNRM_RCP45,Regional,51,-116,1500,-3.8,10.7,22.3,9.7,-11.3,-1.1,7.6,0,-7.6,4.8,15,4.9,301,162,236,210,-9999,14.7,20.7,5.5,721,75,0,126,8,222,920,287,2302,1215,310,1203,0,4,33,9,2,38,90,44,276,32,1,75,0,183,352,95,0,29,118,4,68,60,56,67
2099,CNRM_RCP45,Regional,51,-116,1500,-1.6,8,22.4,11.1,-8.7,-3.1,7.8,1.1,-5.2,2.5,15.1,6.1,385,170,220,135,2.4,14.2,20.6,6.2,530,169,0,74,13,140,937,309,2080,1434,294,1079,0,2,42,5,4,30,90,54,304,66,1,24,0,136,355,97,0,32,135,28,70,61,56,67
2100,CNRM_RCP45,Regional,51,-116,1500,-2.1,10.1,21.7,7.4,-9.3,-0.6,7.2,-1.7,-5.7,4.8,14.4,2.9,206,240,209,226,2.1,13.8,20.7,-9999,586,90,0,120,14,227,872,137,2138,1223,348,1379,0,4,31,2,4,44,89,32,166,32,1,69,0,139,348,79,0,0,139,0,70,63,56,68
2011,CNRM_RCP85,Regional,51,-116,1500,-4.3,8.4,20.7,8.1,-12.8,-3.6,5.9,-2.2,-8.5,2.4,13.3,2.9,190,138,236,174,3.1,14.8,20.5,5.6,806,122,0,232,6,111,770,244,2387,1435,434,1369,0,2,15,5,1,21,87,41,172,57,3,50,0,134,339,92,0,28,106,0,64,58,55,64
2012,CNRM_RCP85,Regional,51,-116,1500,-3,7.5,20.8,7.6,-11.1,-4.4,6.1,-1.9,-7.1,1.5,13.4,2.9,241,167,226,164,2.6,14.5,20.6,5.3,679,178,0,118,7,97,780,121,2250,1520,429,1378,0,1,18,1,2,20,87,31,211,68,3,49,0,129,338,78,0,0,112,0,66,58,56,67
2013,CNRM_RCP85,Regional,51,-116,1500,-6.1,8.8,18.7,9.5,-13.6,-3.3,4.8,-1.2,-9.9,2.8,11.8,4.1,342,141,242,110,1.6,14.9,20.1,6.8,928,85,1,133,5,98,627,229,2509,1404,575,1264,0,1,9,4,1,18,82,39,319,53,6,39,0,165,311,93,0,23,81,41,67,58,57,64
2014,CNRM_RCP85,Regional,51,-116,1500,-2.6,9.4,19.8,7.4,-10.3,-2.3,5.9,-2.9,-6.4,3.5,12.8,2.3,263,144,263,161,1.7,14.6,20.1,6.3,633,98,0,211,10,158,725,166,2198,1333,479,1433,0,3,12,2,2,29,87,33,223,46,3,52,0,143,322,85,0,43,68,15,68,60,57,64
2015,CNRM_RCP85,Regional,51,-116,1500,-6.5,5.2,20.8,6.4,-14.9,-5.6,6.4,-4.2,-10.7,-0.2,13.6,1.1,305,205,235,224,2.2,14,20.3,5.9,990,295,0,290,3,80,796,198,2587,1681,423,1545,0,1,24,4,1,20,86,28,296,85,2,154,0,122,336,67,0,0,101,47,64,60,56,62
2016,CNRM_RCP85,Regional,51,-116,1500,-6.5,8,22,8.9,-14.8,-3.6,6.5,-1.1,-10.6,2.2,14.2,3.9,229,142,182,170,2.6,14.5,21.2,5.8,970,139,0,147,3,102,852,220,2575,1460,371,1285,0,2,31,4,1,22,88,39,223,56,2,67,0,131,357,91,0,43,174,13,64,59,54,66
2017,CNRM_RCP85,Regional,51,-116,1500,-2.9,10.4,22.8,6.5,-10.8,-1.9,7.8,-3.1,-6.8,4.2,15.3,1.7,183,112,212,199,2.7,14.9,20.4,5.4,675,94,0,238,11,214,952,170,2239,1262,284,1484,0,5,38,3,2,32,91,33,154,40,1,97,0,154,361,82,0,78,149,15,67,58,55,66
2018,CNRM_RCP85,Regional,51,-116,1500,-3.6,7.3,21.3,8.4,-11.2,-4.5,6.5,-2.1,-7.4,1.4,13.9,3.2,234,155,197,163,2.2,14.8,20.7,5.7,704,207,0,172,8,109,824,182,2289,1532,396,1350,0,2,26,2,2,23,89,36,210,59,2,47,0,133,343,86,0,25,146,0,68,58,56,64
2019,CNRM_RCP85,Regional,51,-116,1500,-5,8.8,21,9.7,-12.8,-2.5,6.7,-1.6,-8.9,3.2,13.8,4.1,300,124,230,125,-9999,14.5,20.2,7.1,827,122,0,150,5,151,819,222,2418,1369,398,1268,0,3,24,3,1,29,88,38,284,44,2,48,0,142,338,95,0,53,108,32,67,61,57,62
2020,CNRM_RCP85,Regional,51,-116,1500,-5.9,10.5,21.6,6.8,-13.7,-3,6.5,-3.2,-9.8,3.8,14,1.8,224,114,231,203,2.3,15.4,20.6,5.7,912,146,0,219,4,217,835,164,2501,1312,373,1478,0,5,21,3,1,33,89,28,216,26,2,119,0,159,350,84,0,66,119,42,66,54,55,65
2021,CNRM_RCP85,Regional,51,-116,1500,-6.2,8.1,19.9,7.7,-14.6,-3.1,5.9,-3.3,-10.4,2.5,12.9,2.2,186,158,254,120,3,14.4,20,6.9,942,189,0,191,3,160,731,135,2545,1434,473,1436,0,3,12,1,1,31,87,28,179,57,3,28,0,139,324,84,0,29,69,17,64,60,57,61
2022,CNRM_RCP85,Regional,51,-116,1500,-8.9,8.2,21,8.1,-17.8,-4,7.5,-1.2,-13.3,2.1,14.2,3.4,317,189,338,203,-9999,14.2,19.1,5.5,1232,196,0,152,4,157,849,193,2827,1467,368,1325,0,3,24,3,1,27,90,40,308,66,3,49,0,139,333,83,0,0,13,0,61,57,59,68
2023,CNRM_RCP85,Regional,51,-116,1500,-5.2,8.3,21.4,7.1,-13,-2.7,6.2,-2.2,-9.1,2.8,13.8,2.5,267,186,201,188,2.1,14.5,20.7,6.2,842,113,0,173,4,126,814,154,2432,1405,394,1414,0,2,20,2,1,25,88,33,254,85,2,57,0,135,350,79,0,25,149,0,66,62,54,67
2024,CNRM_RCP85,Regional,51,-116,1500,-3.2,10.4,21.5,7.1,-10.9,-2.2,6.4,-2.5,-7.1,4.1,13.9,2.3,244,137,189,200,-9999,14.9,20.9,5.6,680,83,0,191,9,174,823,155,2259,1282,389,1427,0,3,20,2,2,29,88,33,216,34,2,53,0,150,349,80,0,46,160,0,68,57,55,66
2025,CNRM_RCP85,Regional,51,-116,1500,-2,10.8,20,6.2,-8.9,-1.4,5.9,-2.3,-5.4,4.7,12.9,1.9,318,127,219,230,-9999,15,19.9,4.7,569,79,0,190,18,219,731,135,2114,1227,473,1464,0,4,13,2,5,37,87,32,234,27,3,82,0,151,327,75,0,53,108,0,72,59,57,70
2026,CNRM_RCP85,Regional,51,-116,1500,-4.1,7.5,21.5,5.2,-12,-4,6.1,-4.3,-8.1,1.8,13.8,0.5,303,155,186,182,-9999,14.7,20.8,5.3,752,137,0,267,5,87,815,116,2338,1497,398,1599,0,1,21,1,1,18,88,25,279,74,2,96,0,127,352,75,0,10,166,0,67,59,54,65
2027,CNRM_RCP85,Regional,51,-116,1500,-7.4,9.3,21.7,8.8,-15.2,-2.5,6.7,-1.7,-11.3,3.4,14.2,3.6,266,140,200,201,2.1,15,20.8,6.3,1027,100,0,177,2,147,845,226,2631,1345,368,1313,0,2,22,4,0,30,89,38,261,38,2,100,0,136,350,94,0,22,150,20,66,59,55,64
2028,CNRM_RCP85,Regional,51,-116,1500,-3.9,8.5,21.3,8.7,-11.5,-3.8,6.7,-1.8,-7.7,2.3,14,3.5,280,124,245,166,1.9,15.3,20.3,6.2,744,132,0,182,9,120,838,233,2319,1442,394,1321,0,2,33,5,2,21,86,39,241,64,3,47,0,137,343,92,0,50,98,30,68,57,56,64
2029,CNRM_RCP85,Regional,51,-116,1500,-6.1,10.9,22.9,8.1,-15.1,-0.6,8.1,-2.1,-10.6,5.1,15.5,3,265,192,290,152,3,14.2,20.8,6.2,961,76,0,151,3,256,971,190,2566,1188,290,1373,0,6,65,3,1,39,90,31,257,27,2,61,0,180,361,87,0,17,165,21,62,61,56,65
2030,CNRM_RCP85,Regional,51,-116,1500,-4.9,9.1,20.9,6.8,-13.3,-2.5,7.1,-3.2,-9.1,3.3,14,1.8,232,201,286,147,2.6,14.1,19.9,5.9,854,155,0,204,6,208,828,150,2444,1350,378,1475,0,5,21,2,1,33,90,27,214,50,2,70,0,144,332,82,0,7,56,15,64,59,58,64
2031,CNRM_RCP85,Regional,51,-116,1500,-6.5,10.6,21.7,10.8,-13.7,-1.3,7,-1.2,-10.1,4.6,14.4,4.8,311,133,216,80,-9999,15,20.7,8.1,946,58,0,129,5,185,861,280,2531,1232,353,1205,0,3,24,7,1,34,90,41,298,25,1,11,0,179,348,100,0,48,131,33,69,60,56,60
2032,CNRM_RCP85,Regional,51,-116,1500,-6.3,9.3,22,6.4,-14,-2.3,7.7,-2.5,-10.1,3.5,14.8,2,241,182,245,245,1.9,14.5,19.8,4.8,917,120,0,198,3,182,909,150,2525,1336,323,1462,0,4,36,2,1,32,90,31,233,50,1,112,0,144,348,77,0,1,103,0,67,60,57,68
2033,CNRM_RCP85,Regional,51,-116,1500,-2.1,9.6,21.4,7.5,-9.3,-2,6.4,-1.7,-5.7,3.8,13.9,2.9,342,139,193,225,-9999,14.7,20.8,4.9,564,104,0,149,12,183,825,152,2119,1313,387,1377,0,3,21,2,5,30,88,34,246,60,1,73,0,151,346,81,0,68,153,0,70,60,55,68
2034,CNRM_RCP85,Regional,51,-116,1500,-2.5,9,22.1,9.1,-10.1,-1.8,7.1,-1.6,-6.3,3.6,14.6,3.7,197,178,200,95,2.7,14,21.1,6.8,622,90,0,112,9,154,882,169,2185,1330,335,1299,0,3,27,2,2,30,90,34,168,70,1,31,0,142,354,88,0,41,154,43,68,63,55,63
2035,CNRM_RCP85,Regional,51,-116,1500,-3,10.9,23.8,8,-10.9,-1.6,8.3,-1.9,-6.9,4.7,16.1,3,253,139,231,186,-9999,14.9,20.8,6,667,105,0,150,8,252,1021,193,2236,1229,232,1368,0,6,54,4,2,38,91,32,215,45,1,70,0,163,375,86,0,88,161,4,67,58,54,65
2036,CNRM_RCP85,Regional,51,-116,1500,-1.3,11,20.8,7.1,-9,-1.3,6.2,-2,-5.1,4.8,13.5,2.6,201,158,254,240,2.6,14.6,20.2,-9999,526,63,0,176,13,202,783,164,2076,1216,416,1404,0,4,16,2,4,35,88,34,150,25,2,88,0,186,337,81,0,27,84,0,68,59,56,68
2037,CNRM_RCP85,Regional,51,-116,1500,-0.8,11.8,19.9,9.5,-8.3,-0.2,6.6,-0.4,-4.5,5.8,13.3,4.6,219,163,333,190,2.8,14.5,19,5.7,507,51,0,112,23,255,761,237,2035,1127,444,1223,0,5,15,4,6,44,89,43,165,16,4,52,0,190,320,90,0,28,7,4,70,60,59,67
2038,CNRM_RCP85,Regional,51,-116,1500,-5,10,21.2,7.3,-12.9,-1.7,7.5,-2.7,-9,4.1,14.3,2.3,384,195,283,159,-9999,14.5,19.8,6.3,845,106,0,204,6,211,861,155,2430,1278,351,1428,0,4,24,2,1,35,90,33,364,32,2,75,0,145,337,83,0,31,54,6,66,60,58,65
2039,CNRM_RCP85,Regional,51,-116,1500,-1.3,10.7,23.2,7.9,-9.1,-1.4,8,-1.7,-5.2,4.6,15.6,3.1,285,154,207,206,2.9,14.5,21,5.6,540,75,0,150,14,204,977,189,2088,1233,271,1357,0,4,54,3,3,36,90,34,225,47,1,83,0,184,370,86,0,65,163,21,68,59,55,67
2040,CNRM_RCP85,Regional,51,-116,1500,-5.5,7.4,22.1,8.1,-13.1,-5.2,6.4,-1.9,-9.3,1.1,14.3,3.1,235,165,154,158,2.1,14.6,21.3,5.9,890,209,0,212,8,98,853,229,2462,1558,368,1353,0,2,28,4,2,18,88,40,215,91,1,68,0,133,359,91,0,25,204,13,67,55,53,66
2041,CNRM_RCP85,Regional,51,-116,1500,-3.2,9.3,21.7,8.1,-10.2,-3.7,7.4,-1.6,-6.7,2.8,14.6,3.2,189,113,222,187,2.3,15.4,20.2,5.5,661,120,0,153,12,139,884,187,2222,1398,343,1347,0,2,32,3,3,24,89,36,158,35,2,52,0,139,347,84,0,42,125,0,71,55,57,66
2042,CNRM_RCP85,Regional,51,-116,1500,-5.3,9.2,21.9,9.2,-13.1,-2.6,6.9,-1.4,-9.2,3.3,14.4,3.9,293,169,181,131,-9999,14.4,20.8,6.4,860,111,0,150,5,152,871,221,2449,1353,346,1282,0,3,27,3,1,28,89,39,279,72,1,43,0,143,353,92,0,44,172,22,67,59,55,64
2043,CNRM_RCP85,Regional,51,-116,1500,-6.4,7.3,20.1,8,-14.4,-4.2,5.8,-1.6,-10.4,1.6,13,3.2,248,154,253,203,2.4,14.1,20.3,5,947,190,0,202,3,106,735,217,2554,1517,470,1346,0,2,15,3,1,20,86,42,240,84,4,79,0,136,328,86,0,50,90,0,65,59,57,66
2044,CNRM_RCP85,Regional,51,-116,1500,-4,8.4,22.2,7.8,-11.6,-2.6,7.2,-2.5,-7.8,2.9,14.7,2.7,253,183,241,242,1.9,14.2,20.8,-9999,742,115,0,206,8,129,892,224,2315,1393,329,1399,0,2,29,6,2,28,90,31,222,64,1,114,0,133,354,91,0,10,121,0,67,62,55,64
2045,CNRM_RCP85,Regional,51,-116,1500,-3.6,8.1,21,7.2,-11.7,-3.4,6.9,-2.6,-7.6,2.3,14,2.3,216,188,238,214,3.1,14.2,20.5,4.9,721,149,0,220,6,117,828,203,2300,1445,393,1432,0,2,26,4,1,23,88,33,197,80,2,95,0,138,336,86,0,11,98,14,66,60,57,65
2046,CNRM_RCP85,Regional,51,-116,1500,-2.1,8.5,22,7.9,-10.2,-3.2,7.3,-1.8,-6.1,2.7,14.7,3,241,142,211,163,2.5,14.6,20.4,5.7,605,187,0,166,10,166,890,188,2165,1417,328,1363,0,3,28,3,3,29,90,34,201,51,1,76,0,149,352,87,0,54,141,24,66,59,56,66
2047,CNRM_RCP85,Regional,51,-116,1500,-3.4,10.2,21.6,10.4,-12.2,-2.1,7,0.5,-7.8,4,14.3,5.5,179,137,209,175,3.2,15,20.7,6,739,91,0,87,7,172,858,284,2320,1291,366,1145,0,3,33,7,1,31,89,49,165,31,2,35,0,149,346,95,0,39,137,26,63,58,56,67
2048,CNRM_RCP85,Regional,51,-116,1500,-6.4,8.2,22.5,8.4,-14.7,-3.9,7.7,-0.7,-10.6,2.2,15.1,3.8,228,155,284,205,-9999,14.9,20.3,4.9,958,189,0,145,3,137,930,222,2554,1460,301,1290,0,2,37,4,1,26,90,42,214,52,1,72,0,142,357,85,0,20,112,10,64,57,56,68
2049,CNRM_RCP85,Regional,51,-116,1500,-6.1,8.7,23.1,8.7,-14,-3.5,7.5,-2.3,-10,2.6,15.3,3.2,260,124,167,113,2.3,15,21.3,6.5,940,127,0,212,5,131,950,249,2524,1417,287,1351,0,2,45,6,1,23,90,36,245,58,1,52,0,138,368,99,0,49,201,58,66,57,54,63
2050,CNRM_RCP85,Regional,51,-116,1500,-5.1,9.5,20.1,8.3,-13.1,-2.2,7.6,-1.6,-9.1,3.7,13.9,3.4,207,144,374,166,2.9,14.6,18.8,5.8,828,124,0,204,4,182,816,246,2430,1324,401,1329,0,3,22,5,1,32,90,41,197,43,3,42,0,152,317,92,0,48,16,12,66,60,61,66
2051,CNRM_RCP85,Regional,51,-116,1500,-3.8,9.7,22.3,8.6,-10.9,-1.9,8.2,-0.8,-7.4,3.9,15.2,3.9,282,129,236,194,-9999,14.6,20.1,5.7,697,112,0,139,7,192,945,227,2276,1301,301,1285,0,4,50,4,2,34,90,41,252,39,1,49,0,149,350,87,0,58,114,1,70,60,58,67
2052,CNRM_RCP85,Regional,51,-116,1500,-3.9,10,23.6,8,-12,-1.2,8,-2.4,-8,4.4,15.8,2.8,178,150,204,194,3.2,14.5,21.3,5.8,777,71,0,210,11,181,996,236,2346,1255,250,1386,0,3,48,6,2,36,90,33,147,39,1,101,0,174,375,94,0,47,170,41,66,62,54,64
2053,CNRM_RCP85,Regional,51,-116,1500,-3.2,9.1,22.4,9.1,-10.9,-2.6,7.6,-0.7,-7.1,3.2,15,4.2,267,230,237,118,2.3,14.4,21,6.1,679,123,0,96,8,152,928,190,2251,1362,319,1258,0,3,51,2,2,32,89,40,231,57,1,27,0,134,355,86,0,19,118,15,68,59,56,66
2054,CNRM_RCP85,Regional,51,-116,1500,-2.6,9.4,22.9,6.8,-9.8,-2.7,8,-2.5,-6.2,3.3,15.5,2.2,216,129,212,217,3,14.9,21,4.9,610,104,0,250,10,149,967,237,2174,1353,287,1449,0,2,58,7,3,27,90,33,184,45,1,114,0,143,362,65,0,51,161,0,70,58,56,67
2055,CNRM_RCP85,Regional,51,-116,1500,-2.4,9.6,23.2,10.5,-9.8,-2,8.4,1.1,-6.1,3.8,15.8,5.8,266,212,203,153,2.5,14,20.7,-9999,607,107,0,57,12,190,996,256,2169,1312,251,1114,0,4,48,4,3,33,91,53,220,49,1,25,0,138,364,99,0,6,161,9,69,60,56,69
2056,CNRM_RCP85,Regional,51,-116,1500,-3.4,9.9,24.4,10.1,-11.4,-2.3,9.4,0.4,-7.4,3.8,16.9,5.3,239,135,231,128,3.2,15,20.7,6.1,704,88,0,78,6,166,1095,256,2281,1308,194,1162,0,3,91,5,2,30,91,47,212,35,1,19,0,142,380,93,0,40,148,20,67,58,56,68
2057,CNRM_RCP85,Regional,51,-116,1500,-0.9,11,23.1,8.8,-8,-0.8,9.4,0.3,-4.4,5.1,16.2,4.5,216,182,266,216,2,14.4,19.6,4.5,470,111,0,119,16,277,1032,252,2010,1196,237,1230,0,7,77,5,5,45,91,46,144,25,1,37,0,156,357,85,0,0,91,0,70,60,59,71
2058,CNRM_RCP85,Regional,51,-116,1500,-1.2,10.7,21.3,8.7,-8.5,-1.3,7.1,-0.4,-4.9,4.7,14.2,4.2,330,157,244,236,1.3,14.6,20.3,5,516,76,0,137,15,202,850,247,2059,1231,363,1262,0,4,25,6,4,37,90,43,253,31,2,76,0,151,340,88,0,29,97,0,70,60,57,68
2059,CNRM_RCP85,Regional,51,-116,1500,-3.8,9.6,23.9,9.3,-11.4,-1.6,7.9,-0.2,-7.6,4,15.9,4.6,236,157,170,213,-9999,14.3,21.7,5.3,726,78,0,135,7,166,1009,255,2300,1292,243,1223,0,3,55,4,2,34,90,47,209,35,1,51,0,167,381,91,0,13,211,0,68,61,53,67
2060,CNRM_RCP85,Regional,51,-116,1500,-4,8.6,22.3,10.8,-11.4,-2.8,7.6,0.1,-7.7,2.9,14.9,5.5,291,168,250,178,-9999,14.5,20.5,5.6,723,136,0,177,7,164,916,382,2297,1390,311,1161,0,3,34,21,3,30,90,48,236,60,1,79,0,135,353,108,0,12,103,64,69,60,56,64
2061,CNRM_RCP85,Regional,51,-116,1500,-3.2,8.8,21.3,8.3,-10.7,-1.9,7.3,-0.7,-7,3.4,14.3,3.8,259,233,299,223,3,14,19.8,5.7,674,109,0,167,9,153,855,227,2246,1346,361,1295,0,3,26,4,2,34,90,45,229,59,2,52,0,132,338,85,0,0,73,0,68,63,58,69
2062,CNRM_RCP85,Regional,51,-116,1500,-3,9.9,22.4,9.5,-11,-2.1,6.9,0.4,-7,3.9,14.6,4.9,301,168,199,285,2.6,14.5,21.4,5,673,89,0,88,8,173,880,232,2245,1299,334,1189,0,3,27,3,2,30,90,49,257,52,1,62,0,148,360,86,0,42,161,0,67,59,54,69
2063,CNRM_RCP85,Regional,51,-116,1500,-2.9,10.4,22.7,8.9,-10.7,-0.8,8.8,0.4,-6.8,4.8,15.7,4.7,241,154,264,262,2.3,14.5,20,4.7,687,71,0,109,17,220,990,251,2240,1217,257,1212,0,4,51,5,5,39,91,48,185,30,1,43,0,179,352,83,0,34,93,0,68,62,58,71
2064,CNRM_RCP85,Regional,51,-116,1500,-1,8.9,23.1,10.2,-8.2,-3.4,8.8,0.9,-4.6,2.8,16,5.5,286,135,279,169,2.3,14.9,20.4,5.6,482,204,0,104,16,213,1005,304,2023,1402,240,1140,0,5,53,8,6,31,91,51,191,58,1,34,0,153,360,94,0,59,103,0,70,57,57,68
2065,CNRM_RCP85,Regional,51,-116,1500,-2.8,10.6,24.8,7.5,-10.3,-1,9.1,-1.8,-6.6,4.8,17,2.9,206,190,176,220,2.9,14.2,21.5,5.1,633,79,0,139,9,219,1102,157,2206,1219,185,1381,0,4,90,2,3,41,91,33,174,28,0,85,0,144,389,81,0,10,214,15,68,61,54,68
2066,CNRM_RCP85,Regional,51,-116,1500,0.8,8.6,23.8,7.5,-5.9,-2.5,8.4,-1.5,-2.6,3,16.1,3,374,176,207,246,-9999,14.3,20.8,-9999,338,153,0,162,27,164,1024,182,1846,1381,235,1368,0,3,65,3,10,32,90,36,198,69,1,96,0,143,376,82,0,41,169,3,73,61,54,69
2067,CNRM_RCP85,Regional,51,-116,1500,-0.4,12.5,22.3,10.1,-7.9,0.4,8.6,0.5,-4.2,6.4,15.5,5.3,347,116,312,234,-9999,14.8,19.8,5.7,457,48,0,113,17,307,966,294,1993,1073,274,1161,0,8,41,7,5,47,91,49,247,13,1,39,0,200,347,95,0,84,48,0,70,60,59,68
2068,CNRM_RCP85,Regional,51,-116,1500,-3,9.1,22.4,9.3,-10.6,-2,8.1,0.6,-6.8,3.5,15.2,5,231,164,275,249,2,14,20.3,-9999,643,83,0,96,10,140,943,258,2218,1334,291,1189,0,2,42,5,4,29,91,48,186,47,1,46,0,167,352,87,0,18,99,0,68,62,57,71
2069,CNRM_RCP85,Regional,51,-116,1500,0.9,11.7,25.5,9.2,-6.7,-0.7,9.8,0.1,-2.9,5.5,17.7,4.7,302,135,196,184,-9999,14.8,21.1,4.8,379,90,0,83,27,293,1167,217,1885,1164,150,1217,0,9,120,3,8,42,91,46,182,25,0,37,0,160,396,86,0,51,200,22,70,58,54,69
2070,CNRM_RCP85,Regional,51,-116,1500,-4.5,9.7,22.7,8.7,-12.2,-1.7,8.8,0,-8.3,4,15.8,4.4,233,196,287,260,2.4,14.2,20.2,-9999,775,82,0,125,6,170,992,233,2359,1290,264,1243,0,3,62,4,2,33,90,47,208,48,1,62,0,142,353,86,0,0,77,0,67,61,58,70
2071,CNRM_RCP85,Regional,51,-116,1500,-2,10.9,22.9,9.3,-9.2,-1.3,8,0.5,-5.6,4.8,15.5,4.9,332,107,179,242,-9999,15.1,21,4.6,557,73,0,104,12,213,966,266,2111,1218,282,1194,0,4,53,6,4,35,90,48,257,27,1,42,0,188,362,87,0,86,183,0,70,59,56,70
2072,CNRM_RCP85,Regional,51,-116,1500,-4,10.9,24,10.8,-11.7,-1.3,9.4,0.6,-7.9,4.8,16.7,5.7,254,124,289,170,2.7,14.9,20.2,6.4,744,122,0,121,6,274,1078,340,2326,1218,191,1130,0,7,71,12,1,41,91,49,235,26,1,35,0,164,371,101,0,65,82,13,67,59,57,66
2073,CNRM_RCP85,Regional,51,-116,1500,-3.9,11.8,26.1,11.2,-12.3,-0.4,10,0.6,-8.1,5.7,18.1,5.9,183,145,158,153,3.5,14.7,21.6,6,806,69,0,147,14,276,1203,393,2359,1134,133,1123,0,6,141,25,3,44,91,48,159,24,0,56,0,195,406,112,0,53,248,64,65,59,53,65
2074,CNRM_RCP85,Regional,51,-116,1500,-1,10.4,23.5,9.4,-8.8,-0.8,9.6,0.8,-4.9,4.8,16.6,5.1,278,158,240,244,3.1,14.6,19.8,4.3,523,97,0,96,17,252,1066,262,2067,1216,223,1176,0,6,93,5,4,41,91,49,206,38,1,60,0,151,362,86,0,31,122,0,68,62,59,71
2075,CNRM_RCP85,Regional,51,-116,1500,-0.7,10.4,23.6,9.9,-7.9,-0.9,9.1,0.5,-4.3,4.7,16.3,5.2,280,174,262,227,2,14.4,20.5,5.2,465,58,0,91,17,201,1047,256,2002,1221,229,1167,0,4,83,4,5,37,91,49,191,34,1,50,0,176,367,90,0,10,158,0,71,62,57,68
2076,CNRM_RCP85,Regional,51,-116,1500,-0.5,8.7,25.5,8.9,-7.8,-2.7,10.3,-1.1,-4.2,3,17.9,3.9,330,184,235,286,-9999,14.7,20.6,-9999,459,153,0,196,18,159,1189,296,1993,1387,160,1294,0,3,155,11,5,32,91,41,228,49,0,156,0,142,392,98,0,0,157,52,70,60,56,66
2077,CNRM_RCP85,Regional,51,-116,1500,-3.6,9.9,22.5,9.5,-10.8,-1.7,7.9,0.3,-7.2,4.1,15.2,4.9,310,183,168,180,1.9,14.9,20.8,5,704,66,0,106,10,157,946,267,2270,1282,302,1196,0,2,52,6,3,32,90,47,256,37,1,50,0,171,356,91,0,10,188,31,69,61,56,69
2078,CNRM_RCP85,Regional,51,-116,1500,-1.2,12.4,23.2,8.5,-8,1,9.9,-0.7,-4.6,6.7,16.6,3.9,213,186,301,242,2.4,14.4,19.4,-9999,484,68,0,139,15,359,1063,223,2027,1055,205,1284,0,11,73,4,5,53,92,42,159,18,1,91,0,196,355,86,0,15,72,16,72,62,60,68
2079,CNRM_RCP85,Regional,51,-116,1500,-0.4,10.6,25.6,11.1,-7.1,-1.4,9.8,1.8,-3.7,4.6,17.7,6.5,254,136,172,204,2.2,14.8,21.3,5.3,427,92,0,78,20,241,1168,356,1954,1234,147,1065,0,6,119,14,7,36,91,54,160,43,0,34,0,157,398,99,0,61,226,21,72,59,54,69
2080,CNRM_RCP85,Regional,51,-116,1500,-0.4,12,23.7,9.1,-7.4,0.2,10.2,-0.7,-3.9,6.1,17,4.2,356,182,296,220,-9999,14.5,19.7,-9999,432,68,0,198,18,308,1101,343,1965,1106,177,1281,0,8,80,22,6,46,92,38,240,27,1,115,0,192,363,98,0,18,92,48,71,60,59,66
2081,CNRM_RCP85,Regional,51,-116,1500,0.8,9.7,22.8,9.8,-6.2,-1.4,9.6,1.2,-2.7,4.1,16.2,5.5,268,232,341,197,-9999,14,19.5,-9999,348,63,0,91,26,159,1033,294,1858,1278,231,1144,0,2,67,8,9,33,91,52,146,48,1,40,0,169,349,91,0,0,44,3,72,62,60,71
2082,CNRM_RCP85,Regional,51,-116,1500,-0.3,11.9,23,10.8,-8.1,0.8,10,1.8,-4.2,6.4,16.5,6.3,252,177,400,160,2.8,14,19.1,5.2,465,59,0,102,18,314,1060,366,2000,1077,207,1079,0,8,69,14,5,52,91,55,187,12,1,30,0,187,348,99,0,18,48,29,68,62,61,70
2083,CNRM_RCP85,Regional,51,-116,1500,0.1,9.4,23.1,9.8,-6.8,-1.2,8.6,1.2,-3.3,4.1,15.9,5.5,327,224,203,200,-9999,13.7,20.6,4.6,406,85,0,119,25,182,1003,323,1920,1283,251,1146,0,3,61,10,8,37,91,52,181,58,1,43,0,138,361,91,0,2,158,0,72,64,57,71
2084,CNRM_RCP85,Regional,51,-116,1500,-0.4,11,23.1,12,-8.3,-0.3,9.5,1.7,-4.4,5.3,16.3,6.9,229,166,297,145,2.4,14.4,19.8,6.1,483,61,0,81,21,239,1039,379,2017,1171,220,1023,0,5,60,12,5,43,91,57,151,26,1,26,0,185,354,106,0,38,101,39,68,62,59,66
2085,CNRM_RCP85,Regional,51,-116,1500,-2.7,11.5,25.5,10.6,-10.3,-0.7,9.4,1,-6.5,5.4,17.5,5.8,251,135,183,213,2,14.9,21.3,-9999,636,87,0,134,10,281,1150,364,2201,1166,163,1130,0,7,117,17,4,43,91,50,207,33,0,67,0,162,399,103,0,66,216,48,68,59,53,68
2086,CNRM_RCP85,Regional,51,-116,1500,-1,11.7,24.5,9.6,-8.2,-0.1,10.7,0.8,-4.6,5.8,17.6,5.2,214,123,301,237,2.9,14.5,20.2,4.4,488,75,0,82,15,293,1163,258,2031,1130,141,1169,0,7,109,5,5,46,92,50,158,22,0,43,0,163,372,88,0,70,77,16,70,60,59,70
2087,CNRM_RCP85,Regional,51,-116,1500,-0.4,12.2,26.2,10.9,-7.6,-0.2,10.8,1.8,-4,6,18.5,6.4,281,139,200,187,2.1,14.9,20.8,-9999,454,47,0,55,20,278,1240,311,1981,1110,101,1065,0,7,147,8,6,42,92,57,191,21,0,25,0,199,401,104,0,75,201,20,70,59,55,70
2088,CNRM_RCP85,Regional,51,-116,1500,-3.4,11.8,24.1,8.2,-10.5,1.2,9.8,-0.1,-6.9,6.5,17,4.1,260,174,215,200,2.2,14,20.5,4.8,659,60,0,91,10,336,1104,186,2226,1073,215,1271,0,11,123,3,4,52,91,43,201,28,1,43,0,191,372,81,0,41,157,0,70,65,58,71
2089,CNRM_RCP85,Regional,51,-116,1500,-1.1,10.3,25.5,11.4,-8.3,-0.4,10,-0.1,-4.7,4.9,17.7,5.6,210,193,214,125,2.7,14.2,21.2,6.5,510,59,0,162,19,207,1174,383,2045,1205,145,1148,0,4,123,22,5,42,91,46,141,25,0,51,0,172,394,113,0,11,180,70,71,63,55,62
2090,CNRM_RCP85,Regional,51,-116,1500,-0.3,10.1,25,11.1,-7.1,-0.2,10.5,1.5,-3.7,4.9,17.7,6.3,249,237,213,178,2.1,13.9,20.9,5.7,432,63,0,125,22,213,1174,385,1955,1206,144,1075,0,4,121,14,7,43,92,55,162,40,0,46,0,171,382,102,0,0,168,27,72,65,57,68
2091,CNRM_RCP85,Regional,51,-116,1500,0.8,11.8,26.5,12.6,-5.7,1.3,10.5,1.7,-2.4,6.6,18.5,7.2,444,175,184,193,-9999,13.8,21.7,6.4,360,26,0,66,36,267,1247,399,1843,1057,129,1010,0,5,181,22,12,55,91,54,262,11,0,35,17,180,409,122,0,16,224,68,74,65,54,65
2092,CNRM_RCP85,Regional,51,-116,1500,-1.3,11.3,28,11.6,-8.4,0.7,12,2.4,-4.9,6,20,7,254,180,174,254,-9999,14.3,21.6,5.1,540,44,0,127,23,262,1378,444,2066,1111,59,1022,0,5,246,22,6,49,92,58,180,17,0,47,17,180,427,104,0,8,253,17,71,64,54,69
2093,CNRM_RCP85,Regional,51,-116,1500,-0.9,11.4,25.7,9.1,-8.7,-0.1,10.6,0.7,-4.8,5.6,18.2,4.9,243,154,185,215,2.9,14.6,21,-9999,501,97,0,76,14,306,1213,240,2047,1148,113,1192,0,8,132,5,4,49,92,48,179,22,0,38,0,156,393,93,0,32,208,0,68,61,56,72
2094,CNRM_RCP85,Regional,51,-116,1500,0.7,12.1,25.4,11.2,-6.4,1.4,11.2,1.7,-2.9,6.8,18.3,6.5,255,203,295,141,1.7,13.5,20.1,5.8,367,50,0,58,26,340,1224,319,1876,1047,116,1050,0,10,145,6,9,53,92,57,137,21,0,12,0,191,382,105,0,9,87,24,71,64,58,68
2095,CNRM_RCP85,Regional,51,-116,1500,-2.1,12,25,10.9,-9.4,0.8,10.3,1.5,-5.8,6.4,17.7,6.2,224,190,191,214,2.4,14,20.5,5.2,599,50,0,67,17,302,1167,317,2142,1068,159,1086,0,7,130,9,5,52,91,53,178,17,0,38,0,189,383,106,0,3,193,35,70,62,57,69
2096,CNRM_RCP85,Regional,51,-116,1500,1,10.1,24.5,10.2,-5.8,-1.8,10,1.4,-2.4,4.2,17.3,5.8,402,149,256,253,-9999,14.6,20.5,4.4,350,81,0,126,34,186,1130,339,1838,1276,169,1111,0,3,103,7,10,33,92,56,226,38,1,46,17,175,377,90,0,29,128,0,73,59,57,70
2097,CNRM_RCP85,Regional,51,-116,1500,1.7,10.9,26,11.9,-5.2,0.2,10.9,2.4,-1.7,5.5,18.4,7.2,332,197,171,155,2,13.9,21.2,-9999,301,66,0,62,37,256,1238,378,1776,1153,130,994,0,5,170,10,12,47,92,61,141,38,0,20,16,180,399,111,0,15,229,32,73,64,56,69
2098,CNRM_RCP85,Regional,51,-116,1500,1.3,12.1,27.9,13.9,-5.6,0.8,12.6,2.7,-2.2,6.5,20.3,8.3,283,177,233,138,2,14.1,21.2,6.6,333,40,0,78,35,292,1407,510,1817,1060,90,928,0,6,303,49,11,51,92,58,146,13,0,38,18,192,419,124,0,17,210,77,73,62,56,65
2099,CNRM_RCP85,Regional,51,-116,1500,0.3,11.8,25.7,10.3,-6.5,1.2,11.5,1.5,-3.1,6.5,18.6,5.9,310,199,278,220,-9999,14.1,20.1,-9999,376,46,0,79,24,306,1252,295,1894,1059,118,1102,0,7,175,5,8,54,92,55,174,19,0,45,0,185,385,90,0,17,177,0,72,65,59,70
2100,CNRM_RCP85,Regional,51,-116,1500,1.1,10.8,26.4,11.1,-6.3,0,10.8,1.7,-2.6,5.4,18.6,6.4,264,175,179,172,2.6,14.2,21.3,5.6,344,62,0,53,27,254,1251,312,1851,1157,114,1065,0,6,170,8,9,45,92,55,139,29,0,19,0,180,405,104,0,25,227,15,71,64,55,69